,Sim_ID,Season,Name,Pos,Age,Contact,Power,Total,AB,H,HR
0,87627,1900,Garry Nagel,B,29,63,28,91,554,120,5
1,87627,1900,J.R. Orsatti,B,33,41,53,94,563,118,27
2,87627,1900,Marius Kauff,B,32,52,58,110,560,119,21
3,87627,1900,Manuel Murcer,B,25,65,45,110,573,126,11
4,87627,1900,Hersh Colavito,B,21,77,77,154,567,151,30
5,87627,1901,Manuel Murcer,B,26,65,45,110,557,134,11
6,87627,1901,Marius Kauff,B,33,49,56,105,562,119,19
7,87627,1901,Hersh Colavito,B,22,83,80,163,560,166,21
8,87627,1901,Maurice Brack,B,19,35,79,114,571,119,22
9,87627,1901,Chet Black,B,23,65,77,142,561,133,32
10,87627,1902,Manuel Murcer,B,27,65,45,110,573,131,21
11,87627,1902,Marius Kauff,B,34,45,56,101,559,119,24
12,87627,1902,Maurice Brack,B,20,42,83,125,563,121,24
13,87627,1902,Hersh Colavito,B,23,85,83,168,554,165,19
14,87627,1902,Tippy Blackburn,B,18,39,56,95,558,118,20
15,87627,1903,Maurice Brack,B,21,48,93,141,560,121,35
16,87627,1903,Tippy Blackburn,B,19,45,57,102,558,121,17
17,87627,1903,Hersh Colavito,B,24,87,84,171,568,175,22
18,87627,1903,Amby Grove,B,25,74,71,145,566,146,27
19,87627,1903,Tilly Butcher,B,23,53,30,83,562,120,9
20,87627,1904,Maurice Brack,B,22,56,100,156,568,124,38
21,87627,1904,Tippy Blackburn,B,20,56,59,115,568,122,13
22,87627,1904,Amby Grove,B,26,74,71,145,567,144,19
23,87627,1904,Happy Clemons,B,22,51,32,83,562,121,10
24,87627,1904,Chappie Chelini,B,24,63,66,129,555,121,24
25,87627,1905,Happy Clemons,B,23,52,37,89,565,117,13
26,87627,1905,Maurice Brack,B,23,61,103,164,563,123,42
27,87627,1905,Tippy Blackburn,B,21,63,63,126,552,136,21
28,87627,1905,Amby Grove,B,27,74,71,145,565,142,24
29,87627,1905,Milt Chipman,B,22,48,57,105,558,121,25
30,87627,1906,Happy Clemons,B,24,56,37,93,575,126,11
31,87627,1906,Maurice Brack,B,24,64,107,171,559,126,48
32,87627,1906,Milt Chipman,B,23,54,57,111,574,124,23
33,87627,1906,Amby Grove,B,28,74,71,145,574,139,29
34,87627,1906,Sugar Hundley,B,20,68,68,136,564,128,24
35,87627,1907,Happy Clemons,B,25,56,38,94,561,120,15
36,87627,1907,Milt Chipman,B,24,57,58,115,569,146,23
37,87627,1907,Amby Grove,B,29,70,71,141,559,138,21
38,87627,1907,Mandy Beckert,B,25,30,37,67,579,117,12
39,87627,1907,Orie Cashion,B,22,37,30,67,568,119,6
40,87627,1908,Mandy Beckert,B,26,30,37,67,560,119,16
41,87627,1908,Orie Cashion,B,23,40,31,71,568,119,5
42,87627,1908,Amby Grove,B,30,65,67,132,566,130,23
43,87627,1908,Dominic Grich,B,21,51,62,113,553,119,16
44,87627,1908,Hooks Bildilli,B,24,61,78,139,564,137,20
45,87627,1909,Dominic Grich,B,22,57,68,125,573,123,26
46,87627,1909,Hooks Bildilli,B,25,63,78,141,557,123,24
47,87627,1909,Amby Grove,B,31,63,61,124,575,149,26
48,87627,1909,Jackie Dennis,B,18,38,52,90,561,120,15
49,87627,1909,Prince Ellsworth,B,20,37,58,95,559,116,15
50,87627,1910,Dominic Grich,B,23,60,74,134,560,124,22
51,87627,1910,Hooks Bildilli,B,26,63,78,141,560,125,34
52,87627,1910,Prince Ellsworth,B,21,40,62,102,568,116,26
53,87627,1910,Amby Grove,B,32,57,55,112,563,122,10
54,87627,1910,Brant Hallett,B,24,57,61,118,563,122,19
55,87627,1911,Brant Hallett,B,25,57,63,120,567,130,17
56,87627,1911,Dominic Grich,B,24,62,75,137,563,124,22
57,87627,1911,Hooks Bildilli,B,27,63,78,141,552,131,18
58,87627,1911,Amby Grove,B,33,48,46,94,570,123,15
59,87627,1911,Kal Coluccio,B,21,38,58,96,569,123,20
60,87627,1912,Brant Hallett,B,26,57,63,120,552,119,23
61,87627,1912,Dominic Grich,B,25,62,76,138,556,136,20
62,87627,1912,Amby Grove,B,34,46,39,85,565,118,11
63,87627,1912,Fran Holman,B,24,30,55,85,548,112,21
64,87627,1912,Emil Doak,B,20,33,41,74,565,114,16
65,87627,1913,Brant Hallett,B,27,57,63,120,555,124,19
66,87627,1913,Dominic Grich,B,26,62,76,138,562,129,34
67,87627,1913,Amby Grove,B,35,33,31,64,567,121,14
68,87627,1913,Floyd Borowy,B,24,52,53,105,557,119,15
69,87627,1913,Blondy Jablonski,B,21,52,64,116,561,121,23
70,87627,1914,Blondy Jablonski,B,22,59,69,128,564,121,16
71,87627,1914,Brant Hallett,B,28,57,63,120,563,124,20
72,87627,1914,Floyd Borowy,B,25,54,54,108,569,123,16
73,87627,1914,Amby Grove,B,36,28,16,44,550,111,4
74,87627,1914,Adam Batts,B,19,53,32,85,569,123,7
75,87627,1915,Brant Hallett,B,29,56,63,119,574,124,21
76,87627,1915,Floyd Borowy,B,26,54,54,108,551,118,25
77,87627,1915,Adam Batts,B,20,61,39,100,555,121,10
78,87627,1915,Dock Costello,B,18,32,66,98,564,118,19
79,87627,1915,Chad Flick,B,21,54,56,110,566,121,23
80,87627,1916,Brant Hallett,B,30,49,57,106,564,120,21
81,87627,1916,Chad Flick,B,22,54,60,114,555,121,17
82,87627,1916,Floyd Borowy,B,27,54,54,108,573,123,17
83,87627,1916,Adam Batts,B,21,62,41,103,571,127,9
84,87627,1916,Jigger Carnett,B,18,47,59,106,573,130,28
85,87627,1917,Chad Flick,B,23,54,65,119,569,121,27
86,87627,1917,Jigger Carnett,B,19,52,62,114,542,117,19
87,87627,1917,Brant Hallett,B,31,47,48,95,550,114,16
88,87627,1917,Kurt Gionfriddo,B,23,42,47,89,579,123,16
89,87627,1917,Pea Ridge Dodge,B,18,38,38,76,562,116,12
90,87627,1918,Chad Flick,B,24,56,66,122,576,124,17
91,87627,1918,Jigger Carnett,B,20,55,62,117,552,121,19
92,87627,1918,Pea Ridge Dodge,B,19,48,51,99,561,122,21
93,87627,1918,Brant Hallett,B,32,47,47,94,561,118,20
94,87627,1918,Orie Anderson,B,22,42,37,79,559,115,8
95,87627,1919,Chad Flick,B,25,57,66,123,556,127,26
96,87627,1919,Pea Ridge Dodge,B,20,52,54,106,560,121,14
97,87627,1919,Brant Hallett,B,33,42,46,88,567,119,15
98,87627,1919,Fred Hardy,B,20,40,51,91,564,123,11
99,87627,1919,Chicken Hitchcock,B,21,49,71,120,555,119,24
100,87627,1920,Chicken Hitchcock,B,22,53,78,131,583,128,29
101,87627,1920,Fred Hardy,B,21,45,57,102,552,119,19
102,87627,1920,Pea Ridge Dodge,B,21,52,61,113,570,128,24
103,87627,1920,Brant Hallett,B,34,29,36,65,566,115,11
104,87627,1920,Bill Jacobs,B,22,40,34,74,564,116,8
105,87627,1921,Chicken Hitchcock,B,23,53,83,136,565,121,28
106,87627,1921,Fred Hardy,B,22,53,63,116,573,125,18
107,87627,1921,Pea Ridge Dodge,B,22,52,61,113,579,127,22
108,87627,1921,Brant Hallett,B,35,18,23,41,552,112,12
109,87627,1921,Kid Bass,B,25,45,57,102,568,124,18
110,87627,1922,Chicken Hitchcock,B,24,53,86,139,568,122,20
111,87627,1922,Fred Hardy,B,23,58,63,121,573,126,24
112,87627,1922,Pea Ridge Dodge,B,23,54,61,115,564,122,20
113,87627,1922,Brant Hallett,B,36,12,7,19,562,106,2
114,87627,1922,Alex Hartung,B,18,56,34,90,573,122,14
115,87627,1923,Brant Hallett,B,37,0,0,0,565,90,0
116,87627,1923,Fred Hardy,B,24,59,63,122,538,120,16
117,87627,1923,Pea Ridge Dodge,B,24,58,63,121,558,124,23
118,87627,1923,Alex Hartung,B,19,68,40,108,573,149,7
119,87627,1923,Wilbur Almon,B,18,64,70,134,565,132,26
120,87627,1924,Pea Ridge Dodge,B,25,60,63,123,563,122,19
121,87627,1924,Wilbur Almon,B,19,64,73,137,563,144,27
122,87627,1924,Alex Hartung,B,20,79,51,130,560,172,17
123,87627,1924,Skeeter Chalk,B,24,48,72,120,568,122,29
124,87627,1924,Whit Buskey,B,19,64,52,116,551,142,17
125,87627,1925,Pea Ridge Dodge,B,26,60,63,123,574,134,21
126,87627,1925,Whit Buskey,B,20,70,64,134,566,141,19
127,87627,1925,Alex Hartung,B,21,88,61,149,558,176,20
128,87627,1925,Tiny Barker,B,23,43,41,84,545,116,12
129,87627,1925,Manny Heist,B,24,80,68,148,551,149,31
130,87627,1926,Pea Ridge Dodge,B,27,60,63,123,562,133,21
131,87627,1926,Tiny Barker,B,24,45,44,89,569,123,12
132,87627,1926,Alex Hartung,B,22,93,66,159,564,189,19
133,87627,1926,Skinny Huntz,B,19,72,43,115,561,150,24
134,87627,1926,Murry Glynn,B,21,48,63,111,561,121,23
135,87627,1927,Murry Glynn,B,22,48,69,117,565,121,31
136,87627,1927,Pea Ridge Dodge,B,28,60,63,123,567,123,23
137,87627,1927,Alex Hartung,B,23,96,67,163,568,189,20
138,87627,1927,Dummy Cline,B,23,34,37,71,571,117,17
139,87627,1927,Pee Wee Ivie,B,25,33,33,66,573,123,13
140,87627,1928,Murry Glynn,B,23,48,75,123,567,121,29
141,87627,1928,Pea Ridge Dodge,B,29,57,58,115,566,125,14
142,87627,1928,Pee Wee Ivie,B,26,33,33,66,558,119,6
143,87627,1928,Dummy Cline,B,24,35,40,75,565,120,17
144,87627,1928,Brian Beard,B,19,35,77,112,559,117,24
145,87627,1929,Dummy Cline,B,25,35,42,77,563,119,18
146,87627,1929,Murry Glynn,B,24,50,76,126,572,123,32
147,87627,1929,Brian Beard,B,20,35,89,124,569,120,39
148,87627,1929,Frankie Holley,B,18,30,47,77,563,114,9
149,87627,1929,Mark Birrer,B,25,42,74,116,565,120,31
150,87627,1930,Frankie Holley,B,19,33,53,86,560,113,13
151,87627,1930,Mark Birrer,B,26,42,74,116,573,121,28
152,87627,1930,Brian Beard,B,21,38,89,127,558,119,32
153,87627,1930,Larry Adkins,B,23,58,66,124,559,133,29
154,87627,1930,Whitey Blyleven,B,18,55,76,131,571,126,28
155,87627,1931,Larry Adkins,B,24,59,70,129,560,121,28
156,87627,1931,Mark Birrer,B,27,42,74,116,565,121,23
157,87627,1931,Whitey Blyleven,B,19,56,86,142,574,136,30
158,87627,1931,Brian Beard,B,22,39,91,130,572,119,27
159,87627,1931,Harry Holcombe,B,20,64,68,132,579,127,32
160,87627,1932,Larry Adkins,B,25,60,71,131,558,119,25
161,87627,1932,Mark Birrer,B,28,42,74,116,569,118,28
162,87627,1932,Whitey Blyleven,B,20,58,86,144,571,122,35
163,87627,1932,Brian Beard,B,23,43,94,137,559,116,34
164,87627,1932,Ned Atkinson,B,24,80,44,124,554,161,20
165,87627,1933,Ned Atkinson,B,25,82,44,126,563,163,19
166,87627,1933,Whitey Blyleven,B,21,67,87,154,571,129,37
167,87627,1933,Brian Beard,B,24,44,95,139,558,120,36
168,87627,1933,Orville Freese,B,21,52,76,128,561,121,29
169,87627,1933,Schoolboy Braun,B,24,74,59,133,563,154,21
170,87627,1934,Orville Freese,B,22,55,78,133,561,121,34
171,87627,1934,Schoolboy Braun,B,25,75,60,135,573,148,19
172,87627,1934,Brian Beard,B,25,44,97,141,579,123,26
173,87627,1934,Woodie Bowman,B,20,40,76,116,554,120,22
174,87627,1934,Bucky Dunning,B,25,79,36,115,563,149,11
175,87627,1935,Bucky Dunning,B,26,79,36,115,560,150,13
176,87627,1935,Schoolboy Braun,B,26,75,60,135,563,146,19
177,87627,1935,Woodie Bowman,B,21,44,86,130,557,117,31
178,87627,1935,Brian Beard,B,26,44,97,141,560,122,29
179,87627,1935,Glen Dodge,B,20,52,80,132,571,125,34
180,87627,1936,Bucky Dunning,B,27,79,36,115,559,173,13
181,87627,1936,Glen Dodge,B,21,56,83,139,559,121,26
182,87627,1936,Schoolboy Braun,B,27,75,60,135,563,147,22
183,87627,1936,Brian Beard,B,27,44,97,141,556,120,36
184,87627,1936,Chief Cardwell,B,25,73,72,145,570,139,27
185,87627,1937,Chief Cardwell,B,26,73,72,145,555,142,31
186,87627,1937,Schoolboy Braun,B,28,75,60,135,564,167,32
187,87627,1937,Bucky Dunning,B,28,79,36,115,568,139,9
188,87627,1937,Buster Herbel,B,22,49,70,119,578,126,28
189,87627,1937,Zack Boehling,B,22,80,36,116,549,173,13
190,87627,1938,Buster Herbel,B,23,53,72,125,567,122,22
191,87627,1938,Zack Boehling,B,23,82,42,124,573,145,12
192,87627,1938,Bucky Dunning,B,29,75,35,110,574,128,18
193,87627,1938,Roman Broaca,B,23,69,55,124,561,135,25
194,87627,1938,Damon Ashby,B,25,64,46,110,545,152,22
195,87627,1939,Buster Herbel,B,24,53,72,125,566,126,25
196,87627,1939,Zack Boehling,B,24,85,42,127,562,185,18
197,87627,1939,Bucky Dunning,B,30,72,29,101,561,129,10
198,87627,1939,Dib Hopp,B,18,47,67,114,579,126,21
199,87627,1939,Sixto Gossage,B,18,30,79,109,565,116,26
200,87627,1940,Buster Herbel,B,25,53,73,126,568,123,30
201,87627,1940,Sixto Gossage,B,19,32,82,114,567,117,22
202,87627,1940,Zack Boehling,B,25,87,43,130,563,186,19
203,87627,1940,Bucky Dunning,B,31,65,20,85,563,149,10
204,87627,1940,Walton Hoeft,B,20,50,36,86,566,123,22
205,87627,1941,Buster Herbel,B,26,53,73,126,556,118,21
206,87627,1941,Walton Hoeft,B,21,57,37,94,567,122,9
207,87627,1941,Zack Boehling,B,26,87,43,130,567,172,16
208,87627,1941,Bucky Dunning,B,32,62,20,82,541,142,9
209,87627,1941,Ewell Browne,B,22,70,50,120,562,147,12
210,87627,1942,Buster Herbel,B,27,53,73,126,562,121,33
211,87627,1942,Ewell Browne,B,23,73,55,128,561,153,22
212,87627,1942,Bucky Dunning,B,33,57,17,74,560,121,7
213,87627,1942,Brock Darwin,B,21,31,69,100,554,117,32
214,87627,1942,Aubrey Caballero,B,23,51,46,97,569,124,20
215,87627,1943,Bucky Dunning,B,34,44,17,61,556,117,6
216,87627,1943,Ewell Browne,B,24,74,59,133,574,145,18
217,87627,1943,Aubrey Caballero,B,24,53,48,101,552,123,14
218,87627,1943,Boardwalk Harkness,B,19,54,31,85,562,121,17
219,87627,1943,Nolan Durham,B,23,58,65,123,547,125,23
220,87627,1944,Bucky Dunning,B,35,40,1,41,554,114,0
221,87627,1944,Ewell Browne,B,25,75,60,135,572,146,22
222,87627,1944,Nolan Durham,B,24,60,68,128,561,125,18
223,87627,1944,Aubrey Caballero,B,25,54,48,102,557,121,16
224,87627,1944,Nanny Ferraro,B,25,62,31,93,564,125,11
225,87627,1945,Bucky Dunning,B,36,22,0,22,554,110,0
226,87627,1945,Ewell Browne,B,26,75,60,135,572,153,28
227,87627,1945,Nanny Ferraro,B,26,62,31,93,567,122,9
228,87627,1945,Aubrey Caballero,B,26,54,48,102,568,121,23
229,87627,1945,Terry Doak,B,18,40,62,102,557,117,20
230,87627,1946,Ewell Browne,B,27,75,60,135,551,157,11
231,87627,1946,Nanny Ferraro,B,27,62,31,93,568,123,11
232,87627,1946,Terry Doak,B,19,47,71,118,560,116,25
233,87627,1946,Aubrey Caballero,B,27,54,48,102,569,123,10
234,87627,1946,Ferdie Davalillo,B,25,40,63,103,561,114,19
235,87627,1947,Nanny Ferraro,B,28,62,31,93,581,147,12
236,87627,1947,Terry Doak,B,20,47,83,130,558,119,47
237,87627,1947,Aubrey Caballero,B,28,54,48,102,563,123,12
238,87627,1947,Karl Demery,B,21,40,68,108,562,115,21
239,87627,1947,Lynn Causey,B,19,61,49,110,559,127,17
240,87627,1948,Karl Demery,B,22,45,68,113,569,123,23
241,87627,1948,Nanny Ferraro,B,29,61,28,89,561,132,8
242,87627,1948,Terry Doak,B,21,49,88,137,566,123,25
243,87627,1948,Aubrey Caballero,B,29,54,47,101,545,119,12
244,87627,1948,Kemp Duckworth,B,19,73,46,119,558,156,11
245,87627,1949,Kemp Duckworth,B,20,82,51,133,572,142,10
246,87627,1949,Nanny Ferraro,B,30,58,26,84,571,121,3
247,87627,1949,Terry Doak,B,22,54,96,150,577,127,29
248,87627,1949,Karl Demery,B,23,49,73,122,559,119,27
249,87627,1949,Ethan Goltz,B,21,70,69,139,549,144,29
250,87627,1950,Kemp Duckworth,B,21,90,55,145,565,183,21
251,87627,1950,Terry Doak,B,23,58,98,156,564,129,40
252,87627,1950,Karl Demery,B,24,53,73,126,566,136,16
253,87627,1950,Joey Huhn,B,23,60,33,93,589,129,13
254,87627,1950,Wes Hollingsworth,B,25,61,61,122,560,129,17
255,87627,1951,Kemp Duckworth,B,22,94,58,152,558,191,22
256,87627,1951,Terry Doak,B,24,62,99,161,565,131,35
257,87627,1951,Wes Hollingsworth,B,26,61,61,122,565,126,22
258,87627,1951,Karl Demery,B,25,53,73,126,548,120,27
259,87627,1951,Lyn Culver,B,22,62,63,125,570,129,18
260,87627,1952,Kemp Duckworth,B,23,95,61,156,557,189,15
261,87627,1952,Lyn Culver,B,23,68,66,134,572,130,23
262,87627,1952,Wes Hollingsworth,B,27,61,61,122,558,131,14
263,87627,1952,Karl Demery,B,26,53,73,126,574,125,30
264,87627,1952,Juan Castino,B,21,44,73,117,577,121,25
265,87627,1953,Karl Demery,B,27,53,73,126,566,120,23
266,87627,1953,Kemp Duckworth,B,24,99,64,163,558,183,16
267,87627,1953,Juan Castino,B,22,51,80,131,559,126,29
268,87627,1953,Specs Broberg,B,19,37,43,80,564,121,13
269,87627,1953,Howdy Avila,B,19,30,66,96,558,115,27
270,87627,1954,Juan Castino,B,23,52,81,133,553,124,35
271,87627,1954,Karl Demery,B,28,53,73,126,559,123,24
272,87627,1954,Specs Broberg,B,20,39,45,84,573,121,23
273,87627,1954,Howdy Avila,B,20,34,75,109,571,116,28
274,87627,1954,Michael Griner,B,21,41,68,109,555,120,14
275,87627,1955,Karl Demery,B,29,53,68,121,568,123,14
276,87627,1955,Michael Griner,B,22,44,69,113,570,122,25
277,87627,1955,Specs Broberg,B,21,48,49,97,570,127,16
278,87627,1955,Juan Castino,B,24,56,83,139,562,127,29
279,87627,1955,Grover French,B,25,40,52,92,568,120,18
280,87627,1956,Juan Castino,B,25,57,85,142,566,122,31
281,87627,1956,Karl Demery,B,30,52,66,118,566,123,26
282,87627,1956,Specs Broberg,B,22,49,56,105,569,122,18
283,87627,1956,Grover French,B,26,40,52,92,578,125,23
284,87627,1956,Mudcat Brancato,B,24,77,31,108,567,157,15
285,87627,1957,Karl Demery,B,31,49,61,110,570,119,31
286,87627,1957,Specs Broberg,B,23,53,59,112,546,118,22
287,87627,1957,Juan Castino,B,26,57,85,142,553,131,27
288,87627,1957,Lowell Cullenbine,B,23,45,39,84,551,120,16
289,87627,1957,Rufe Bright,B,24,79,44,123,561,160,21
290,87627,1958,Karl Demery,B,32,46,54,100,568,120,24
291,87627,1958,Lowell Cullenbine,B,24,49,41,90,554,120,23
292,87627,1958,Specs Broberg,B,24,54,59,113,567,124,21
293,87627,1958,Juan Castino,B,27,57,85,142,556,136,25
294,87627,1958,Yogi Chartak,B,23,79,31,110,551,148,8
295,87627,1959,Karl Demery,B,33,37,49,86,558,120,16
296,87627,1959,Lowell Cullenbine,B,25,49,41,90,572,123,13
297,87627,1959,Yogi Chartak,B,24,80,34,114,561,165,9
298,87627,1959,Juan Castino,B,28,57,85,142,569,124,27
299,87627,1959,Ruben Hamilton,B,21,65,56,121,564,133,16
300,87627,1960,Lowell Cullenbine,B,26,49,41,90,561,122,14
301,87627,1960,Yogi Chartak,B,25,80,35,115,562,144,18
302,87627,1960,Juan Castino,B,29,52,83,135,553,124,29
303,87627,1960,Atley Hoover,B,23,76,67,143,562,156,27
304,87627,1960,Hi Hittle,B,24,59,52,111,560,121,16
305,87627,1961,Hi Hittle,B,25,59,53,112,566,123,19
306,87627,1961,Juan Castino,B,30,46,82,128,556,120,26
307,87627,1961,Lowell Cullenbine,B,27,49,41,90,576,124,14
308,87627,1961,Atley Hoover,B,24,79,70,149,564,154,26
309,87627,1961,Shanty Byrne,B,24,79,30,109,558,152,14
310,87627,1962,Juan Castino,B,31,42,73,115,558,120,25
311,87627,1962,Lowell Cullenbine,B,28,49,41,90,562,120,18
312,87627,1962,Shanty Byrne,B,25,80,31,111,556,157,9
313,87627,1962,Atley Hoover,B,25,79,72,151,572,156,22
314,87627,1962,Horacio Felix,B,22,79,78,157,578,147,29
315,87627,1963,Horacio Felix,B,23,80,79,159,557,158,33
316,87627,1963,Juan Castino,B,32,39,72,111,565,120,20
317,87627,1963,Lowell Cullenbine,B,29,49,40,89,570,123,14
318,87627,1963,Atley Hoover,B,26,79,72,151,572,143,36
319,87627,1963,Kiki Bagby,B,22,41,63,104,574,119,27
320,87627,1964,Juan Castino,B,33,32,66,98,561,115,29
321,87627,1964,Kiki Bagby,B,23,45,68,113,563,122,29
322,87627,1964,Atley Hoover,B,27,79,72,151,547,159,24
323,87627,1964,Haywood Harrington,B,25,69,45,114,570,149,9
324,87627,1964,Ival Bowens,B,18,60,35,95,556,122,11
325,87627,1965,Haywood Harrington,B,26,69,45,114,561,122,14
326,87627,1965,Juan Castino,B,34,26,63,89,567,117,14
327,87627,1965,Atley Hoover,B,28,79,72,151,566,159,28
328,87627,1965,Braggo Gehringer,B,25,71,47,118,560,150,18
329,87627,1965,Walter Gebrian,B,25,59,57,116,577,127,22
330,87627,1966,Braggo Gehringer,B,26,71,47,118,570,151,23
331,87627,1966,Juan Castino,B,35,22,52,74,557,112,19
332,87627,1966,Walter Gebrian,B,26,59,57,116,565,122,16
333,87627,1966,Atley Hoover,B,29,77,72,149,564,150,23
334,87627,1966,Adrian Fitzgerald,B,19,53,71,124,562,121,24
335,87627,1967,Juan Castino,B,36,10,47,57,565,110,14
336,87627,1967,Walter Gebrian,B,27,59,57,116,562,122,15
337,87627,1967,Adrian Fitzgerald,B,20,65,71,136,571,123,29
338,87627,1967,Ray Hack,B,20,44,47,91,575,123,22
339,87627,1967,Troy Felsch,B,22,63,72,135,563,131,25
340,87627,1968,Juan Castino,B,37,0,47,47,550,90,12
341,87627,1968,Ray Hack,B,21,48,54,102,550,119,24
342,87627,1968,Walter Gebrian,B,28,59,57,116,575,124,28
343,87627,1968,Adrian Fitzgerald,B,21,65,72,137,561,127,25
344,87627,1968,Fritz Hoeft,B,24,70,72,142,567,144,27
345,87627,1969,Fritz Hoeft,B,25,71,72,143,570,150,23
346,87627,1969,Juan Castino,B,38,0,39,39,561,90,10
347,87627,1969,Walter Gebrian,B,29,54,57,111,563,122,20
348,87627,1969,Adrian Fitzgerald,B,22,70,80,150,577,132,31
349,87627,1969,Allie Heist,B,22,35,63,98,563,116,21
350,87627,1970,Fritz Hoeft,B,26,71,72,143,562,164,22
351,87627,1970,Juan Castino,B,39,0,28,28,556,90,10
352,87627,1970,Allie Heist,B,23,39,63,102,561,119,27
353,87627,1970,Chico Hoeft,B,24,51,34,85,561,121,4
354,87627,1970,Parson Heintzelman,B,24,68,61,129,552,139,28
355,87627,1971,Juan Castino,B,40,0,4,4,561,90,1
356,87627,1971,Parson Heintzelman,B,25,70,62,132,567,140,17
357,87627,1971,Fritz Hoeft,B,27,71,72,143,563,139,28
358,87627,1971,Spider Archer,B,18,54,73,127,575,124,33
359,87627,1971,Blas Breeding,B,19,59,37,96,558,125,18
360,87627,1972,Parson Heintzelman,B,26,70,62,132,564,143,25
361,87627,1972,Spider Archer,B,19,66,84,150,569,140,28
362,87627,1972,Blas Breeding,B,20,66,45,111,560,130,13
363,87627,1972,Coaker Harris,B,22,41,49,90,557,119,21
364,87627,1972,Kurt Coan,B,21,33,79,112,551,118,24
365,87627,1973,Coaker Harris,B,23,43,51,94,561,121,23
366,87627,1973,Kurt Coan,B,22,39,85,124,566,122,29
367,87627,1973,Parson Heintzelman,B,27,70,62,132,562,121,26
368,87627,1973,Spider Archer,B,20,67,95,162,556,147,40
369,87627,1973,Blas Breeding,B,21,69,51,120,563,153,11
370,87627,1974,Parson Heintzelman,B,28,70,62,132,559,128,19
371,87627,1974,Spider Archer,B,21,69,105,174,569,132,33
372,87627,1974,Blas Breeding,B,22,70,56,126,570,150,19
373,87627,1974,Raul Cash,B,22,55,75,130,571,128,34
374,87627,1974,Pancho Arroyo,B,19,54,70,124,562,131,17
375,87627,1975,Pancho Arroyo,B,20,66,77,143,561,142,45
376,87627,1975,Parson Heintzelman,B,29,66,57,123,562,139,20
377,87627,1975,Raul Cash,B,23,55,81,136,554,132,29
378,87627,1975,Spider Archer,B,22,74,106,180,564,140,39
379,87627,1975,Blas Breeding,B,23,70,59,129,567,129,14
380,87627,1976,Pancho Arroyo,B,21,73,78,151,564,144,26
381,87627,1976,Raul Cash,B,24,55,81,136,560,122,22
382,87627,1976,Spider Archer,B,23,74,111,185,577,153,25
383,87627,1976,Blas Breeding,B,24,73,62,135,548,142,17
384,87627,1976,Amos Egan,B,18,38,35,73,559,121,10
385,87627,1977,Blas Breeding,B,25,73,63,136,565,141,23
386,87627,1977,Raul Cash,B,25,55,81,136,566,132,28
387,87627,1977,Amos Egan,B,19,38,38,76,570,117,13
388,87627,1977,Sheldon Fletcher,B,21,77,63,140,568,145,27
389,87627,1977,Hunter Battey,B,25,45,48,93,561,115,6
390,87627,1978,Blas Breeding,B,26,73,63,136,561,152,31
391,87627,1978,Raul Cash,B,26,55,81,136,573,126,23
392,87627,1978,Amos Egan,B,20,44,44,88,574,120,15
393,87627,1978,Saul Hennessey,B,25,79,56,135,567,137,15
394,87627,1978,Porter Hook,B,19,40,56,96,572,119,17
395,87627,1979,Blas Breeding,B,27,73,63,136,558,135,22
396,87627,1979,Raul Cash,B,27,55,81,136,568,124,20
397,87627,1979,Amos Egan,B,21,49,49,98,549,117,12
398,87627,1979,Vicente Clay,B,23,66,66,132,571,143,21
399,87627,1979,Grant Boyer,B,22,68,53,121,560,131,23
400,87627,1980,Raul Cash,B,28,55,81,136,554,118,41
401,87627,1980,Vicente Clay,B,24,69,68,137,560,144,25
402,87627,1980,Blas Breeding,B,28,73,63,136,560,143,20
403,87627,1980,Skeeter Allison,B,21,78,62,140,569,161,19
404,87627,1980,Boots Hausmann,B,22,53,54,107,551,119,30
405,87627,1981,Raul Cash,B,29,55,80,135,568,123,25
406,87627,1981,Skeeter Allison,B,22,85,62,147,570,167,26
407,87627,1981,Blas Breeding,B,29,68,62,130,571,125,19
408,87627,1981,Lil Essian,B,25,59,69,128,554,128,20
409,87627,1981,Dizzy Buford,B,20,66,73,139,567,135,27
410,87627,1982,Lil Essian,B,26,59,69,128,561,131,25
411,87627,1982,Skeeter Allison,B,23,86,64,150,562,156,29
412,87627,1982,Dizzy Buford,B,21,76,79,155,559,148,23
413,87627,1982,Allan Cissell,B,25,73,64,137,578,142,35
414,87627,1982,Frankie Brancato,B,22,45,74,119,557,117,25
415,87627,1983,Frankie Brancato,B,23,45,78,123,563,119,26
416,87627,1983,Lil Essian,B,27,59,69,128,566,125,26
417,87627,1983,Skeeter Allison,B,24,86,64,150,562,179,15
418,87627,1983,Dizzy Buford,B,22,78,86,164,552,155,37
419,87627,1983,Nick Coleman,B,20,64,58,122,568,130,21
420,87627,1984,Nick Coleman,B,21,71,64,135,553,152,14
421,87627,1984,Skeeter Allison,B,25,88,66,154,563,174,23
422,87627,1984,Frankie Brancato,B,24,49,80,129,563,126,19
423,87627,1984,Nick Farmer,B,19,34,30,64,563,118,5
424,87627,1984,Boots Holshouser,B,24,80,78,158,567,161,16
425,87627,1985,Nick Farmer,B,20,38,41,79,569,120,11
426,87627,1985,Skeeter Allison,B,26,88,66,154,554,167,15
427,87627,1985,Nick Coleman,B,22,71,70,141,559,144,19
428,87627,1985,Tito Golden,B,22,50,57,107,572,123,21
429,87627,1985,Dallas Caton,B,20,37,74,111,565,117,33
430,87627,1986,Nick Farmer,B,21,47,44,91,563,122,14
431,87627,1986,Skeeter Allison,B,27,88,66,154,559,167,30
432,87627,1986,Tito Golden,B,23,55,59,114,558,126,19
433,87627,1986,Nick Coleman,B,23,75,72,147,558,149,27
434,87627,1986,Miguel Cuyler,B,25,67,77,144,561,138,25
435,87627,1987,Nick Farmer,B,22,52,49,101,563,122,13
436,87627,1987,Skeeter Allison,B,28,88,66,154,553,190,31
437,87627,1987,Tito Golden,B,24,57,62,119,554,119,26
438,87627,1987,Miguel Cuyler,B,26,67,77,144,568,123,30
439,87627,1987,Karl Hanson,B,19,74,64,138,552,140,30
440,87627,1988,Miguel Cuyler,B,27,67,77,144,568,130,22
441,87627,1988,Skeeter Allison,B,29,85,64,149,561,170,25
442,87627,1988,Karl Hanson,B,20,76,68,144,558,159,22
443,87627,1988,Jim Bean,B,23,34,73,107,581,118,23
444,87627,1988,Solly Barton,B,18,38,35,73,563,114,14
445,87627,1989,Karl Hanson,B,21,82,74,156,552,173,24
446,87627,1989,Solly Barton,B,19,43,43,86,557,118,9
447,87627,1989,Jim Bean,B,24,34,74,108,572,116,26
448,87627,1989,Rocky Boggs,B,20,45,64,109,545,118,18
449,87627,1989,Luis Bosman,B,18,34,42,76,559,114,16
450,87627,1990,Rocky Boggs,B,21,45,74,119,568,116,22
451,87627,1990,Solly Barton,B,20,51,48,99,567,122,20
452,87627,1990,Karl Hanson,B,22,82,79,161,563,174,28
453,87627,1990,Jimmie Hilgendorf,B,23,71,71,142,568,125,29
454,87627,1990,Barry Bowman,B,25,52,49,101,567,128,17
455,87627,1991,Jimmie Hilgendorf,B,24,73,71,144,549,142,23
456,87627,1991,Karl Hanson,B,23,86,81,167,568,165,26
457,87627,1991,Barry Bowman,B,26,52,49,101,561,120,16
458,87627,1991,Patsy Gallivan,B,23,62,65,127,565,122,24
459,87627,1991,J.R. Buford,B,18,76,42,118,566,135,11
460,87627,1992,J.R. Buford,B,19,77,48,125,560,166,13
461,87627,1992,Patsy Gallivan,B,24,63,66,129,575,142,25
462,87627,1992,Barry Bowman,B,27,52,49,101,564,123,16
463,87627,1992,Justin Flack,B,19,77,65,142,566,169,20
464,87627,1992,Faye Bonds,B,25,77,79,156,549,150,23
465,87627,1993,J.R. Buford,B,20,87,53,140,558,165,16
466,87627,1993,Patsy Gallivan,B,25,65,67,132,568,146,27
467,87627,1993,Barry Bowman,B,28,52,49,101,566,123,11
468,87627,1993,Snuffy Boisclair,B,18,59,65,124,560,122,25
469,87627,1993,Dominic Frailing,B,18,71,32,103,563,134,18
470,87627,1994,Dominic Frailing,B,19,75,44,119,559,149,14
471,87627,1994,J.R. Buford,B,21,96,59,155,556,180,16
472,87627,1994,Snuffy Boisclair,B,19,60,67,127,549,121,23
473,87627,1994,Barry Bowman,B,29,52,45,97,560,122,15
474,87627,1994,Sherman Coumbe,B,19,70,78,148,561,139,27
475,87627,1995,Sherman Coumbe,B,20,70,79,149,569,153,27
476,87627,1995,Snuffy Boisclair,B,20,63,67,130,566,122,29
477,87627,1995,Dominic Frailing,B,20,87,56,143,565,166,14
478,87627,1995,Len Flowers,B,23,69,31,100,557,135,14
479,87627,1995,Aaron Elston,B,23,44,56,100,572,122,23
480,87627,1996,Dominic Frailing,B,21,87,63,150,579,184,23
481,87627,1996,Sherman Coumbe,B,21,79,88,167,562,172,36
482,87627,1996,Aaron Elston,B,24,47,57,104,575,121,22
483,87627,1996,Lute Herring,B,19,48,65,113,564,123,19
484,87627,1996,Mudcat Gilliam,B,19,58,68,126,551,125,23
485,87627,1997,Dominic Frailing,B,22,94,65,159,563,168,27
486,87627,1997,Lute Herring,B,20,50,65,115,554,120,23
487,87627,1997,Aaron Elston,B,25,49,58,107,560,121,15
488,87627,1997,Smead Grantham,B,21,55,65,120,557,121,23
489,87627,1997,Bama Cronin,B,22,46,61,107,557,120,20
490,87627,1998,Bama Cronin,B,23,47,63,110,568,126,28
491,87627,1998,Smead Grantham,B,22,55,67,122,565,124,26
492,87627,1998,Aaron Elston,B,26,49,58,107,566,122,21
493,87627,1998,Preacher Crowder,B,24,43,54,97,555,119,23
494,87627,1998,Brant Davalillo,B,21,67,43,110,564,132,15
495,87627,1999,Brant Davalillo,B,22,75,48,123,567,143,21
496,87627,1999,Smead Grantham,B,23,56,71,127,548,119,25
497,87627,1999,Bama Cronin,B,24,47,64,111,568,120,16
498,87627,1999,Freddy Busby,B,23,44,69,113,567,119,15
499,87627,1999,Petie Geronimo,B,21,79,43,122,565,148,20
500,87627,2000,Brant Davalillo,B,23,76,49,125,563,145,20
501,87627,2000,Smead Grantham,B,24,60,74,134,560,120,27
502,87627,2000,Bama Cronin,B,25,47,65,112,557,121,26
503,87627,2000,Lyle Hovley,B,19,46,74,120,557,119,30
504,87627,2000,Kenny Critz,B,20,33,31,64,563,115,11
505,87627,2001,Brant Davalillo,B,24,79,52,131,560,172,16
506,87627,2001,Kenny Critz,B,21,37,33,70,561,119,11
507,87627,2001,Smead Grantham,B,25,61,74,135,559,130,17
508,87627,2001,Bama Cronin,B,26,47,65,112,567,117,18
509,87627,2001,Schoolboy Cromartie,B,19,48,62,110,559,121,21
510,87627,2002,Brant Davalillo,B,25,79,53,132,557,153,10
511,87627,2002,Kenny Critz,B,22,43,36,79,560,121,6
512,87627,2002,Smead Grantham,B,26,61,74,135,560,134,21
513,87627,2002,Bama Cronin,B,27,47,65,112,553,118,14
514,87627,2002,Sammy Bird,B,19,42,66,108,551,115,15
515,87627,2003,Kenny Critz,B,23,45,37,82,560,121,8
516,87627,2003,Sammy Bird,B,20,52,77,129,556,120,27
517,87627,2003,Brant Davalillo,B,26,79,53,132,567,148,23
518,87627,2003,Granny Cotter,B,19,68,48,116,568,146,17
519,87627,2003,Sal Hamilton,B,25,71,31,102,560,151,11
520,87627,2004,Sal Hamilton,B,26,71,31,102,571,137,10
521,87627,2004,Sammy Bird,B,21,56,82,138,553,124,24
522,87627,2004,Granny Cotter,B,20,78,58,136,562,169,18
523,87627,2004,Harry Bedient,B,21,37,60,97,563,116,21
524,87627,2004,Mark Bush,B,21,42,34,76,571,122,19
525,87627,2005,Harry Bedient,B,22,42,64,106,573,123,30
526,87627,2005,Sammy Bird,B,22,62,90,152,576,127,24
527,87627,2005,Granny Cotter,B,21,82,61,143,560,147,25
528,87627,2005,Buddy Chalk,B,18,56,53,109,553,121,21
529,87627,2005,Nellie Granger,B,24,38,50,88,561,117,25
530,87627,2006,Granny Cotter,B,22,89,66,155,549,169,19
531,87627,2006,Harry Bedient,B,23,48,66,114,563,122,13
532,87627,2006,Nellie Granger,B,25,38,50,88,563,117,24
533,87627,2006,Sammy Bird,B,23,67,90,157,571,144,40
534,87627,2006,Buddy Chalk,B,19,66,59,125,567,131,20
535,87627,2007,Harry Bedient,B,24,51,66,117,559,120,22
536,87627,2007,Nellie Granger,B,26,38,50,88,559,121,19
537,87627,2007,Sammy Bird,B,24,70,94,164,560,136,29
538,87627,2007,Buddy Chalk,B,20,68,59,127,563,138,23
539,87627,2007,Ownie Finn,B,20,50,31,81,555,122,13
540,87627,2008,Nellie Granger,B,27,38,50,88,552,115,13
541,87627,2008,Sammy Bird,B,25,71,96,167,561,147,33
542,87627,2008,Buddy Chalk,B,21,77,62,139,575,150,16
543,87627,2008,Hobie Hollingsworth,B,19,78,33,111,565,163,11
544,87627,2008,Davey Betts,B,22,46,61,107,571,124,22
545,87627,2009,Hobie Hollingsworth,B,20,84,34,118,560,158,11
546,87627,2009,Nellie Granger,B,28,38,50,88,557,120,13
547,87627,2009,Sammy Bird,B,26,71,96,167,570,148,22
548,87627,2009,Davey Betts,B,23,46,65,111,562,120,17
549,87627,2009,Ival Herman,B,18,55,44,99,566,123,21
550,87627,2010,Hobie Hollingsworth,B,21,90,36,126,558,168,14
551,87627,2010,Nellie Granger,B,29,33,49,82,576,122,21
552,87627,2010,Davey Betts,B,24,50,67,117,564,123,24
553,87627,2010,Jay Carew,B,24,57,44,101,549,122,20
554,87627,2010,Win Burris,B,19,52,56,108,572,123,15
555,87627,2011,Hobie Hollingsworth,B,22,90,43,133,569,166,16
556,87627,2011,Jay Carew,B,25,59,45,104,569,117,19
557,87627,2011,Nellie Granger,B,30,27,47,74,570,115,19
558,87627,2011,Davey Betts,B,25,50,67,117,552,120,20
559,87627,2011,Zach Francis,B,24,58,44,102,559,139,19
560,87627,2012,Nellie Granger,B,31,23,46,69,560,113,15
561,87627,2012,Zach Francis,B,25,59,46,105,558,125,20
562,87627,2012,Davey Betts,B,26,50,67,117,560,126,21
563,87627,2012,Ollie Coveleski,B,18,44,42,86,550,117,14
564,87627,2012,Kent Crowell,B,18,38,54,92,560,115,21
565,87627,2013,Nellie Granger,B,32,12,39,51,552,111,10
566,87627,2013,Ollie Coveleski,B,19,55,45,100,564,125,16
567,87627,2013,Zach Francis,B,26,59,46,105,558,123,21
568,87627,2013,Kent Crowell,B,19,51,62,113,570,123,24
569,87627,2013,Firpo Hoffman,B,25,74,55,129,549,167,23
570,87627,2014,Kent Crowell,B,20,61,69,130,559,135,25
571,87627,2014,Ollie Coveleski,B,20,59,46,105,564,121,19
572,87627,2014,Zach Francis,B,27,59,46,105,562,122,5
573,87627,2014,Firpo Hoffman,B,26,74,55,129,561,155,18
574,87627,2014,Sixto Briles,B,19,58,42,100,561,124,16
575,87627,2015,Kent Crowell,B,21,67,74,141,562,130,33
576,87627,2015,Sixto Briles,B,20,62,53,115,553,120,16
577,87627,2015,Firpo Hoffman,B,27,74,55,129,569,145,18
578,87627,2015,Steve Davenport,B,18,43,36,79,557,120,14
579,87627,2015,Patsy Allie,B,24,54,60,114,561,121,32
580,87627,2016,Patsy Allie,B,25,54,61,115,561,121,19
581,87627,2016,Sixto Briles,B,21,65,60,125,555,126,23
582,87627,2016,Kent Crowell,B,22,70,80,150,562,132,21
583,87627,2016,Eduardo Casale,B,23,39,50,89,566,121,19
584,87627,2016,Rocky Gullic,B,20,59,64,123,562,119,24
585,87627,2017,Kent Crowell,B,23,70,80,150,578,132,27
586,87627,2017,Patsy Allie,B,26,54,61,115,565,123,18
587,87627,2017,Sixto Briles,B,22,73,60,133,556,134,21
588,87627,2017,Eduardo Casale,B,24,39,51,90,553,118,18
589,87627,2017,Merle Alomar,B,20,75,45,120,568,139,17
590,87627,2018,Kent Crowell,B,24,70,80,150,570,148,25
591,87627,2018,Patsy Allie,B,27,54,61,115,558,120,22
592,87627,2018,Sixto Briles,B,23,78,62,140,554,157,17
593,87627,2018,Eduardo Casale,B,25,40,52,92,541,115,22
594,87627,2018,Arthur High,B,22,74,64,138,555,132,19
595,87627,2019,Kent Crowell,B,25,71,81,152,564,149,30
596,87627,2019,Sixto Briles,B,24,78,64,142,561,144,27
597,87627,2019,Arthur High,B,23,80,64,144,560,160,31
598,87627,2019,Dutch Bevens,B,21,35,45,80,554,117,15
599,87627,2019,Oral Barclay,B,24,68,69,137,560,126,26
600,87627,2020,Dutch Bevens,B,22,42,53,95,567,121,9
601,87627,2020,Kent Crowell,B,26,71,81,152,554,152,30
602,87627,2020,Oral Barclay,B,25,70,69,139,559,135,26
603,87627,2020,Arthur High,B,24,83,64,147,568,172,29
604,87627,2020,Vida Gardner,B,18,51,34,85,565,121,14
605,87627,2021,Kent Crowell,B,27,71,81,152,546,150,27
606,87627,2021,Oral Barclay,B,26,70,69,139,568,138,25
607,87627,2021,Vida Gardner,B,19,55,40,95,565,122,11
608,87627,2021,Dutch Bevens,B,23,48,56,104,561,121,15
609,87627,2021,Liz Brumley,B,24,41,34,75,561,117,11
610,87627,2022,Liz Brumley,B,25,43,35,78,552,115,9
611,87627,2022,Oral Barclay,B,27,70,69,139,565,159,26
612,87627,2022,Kent Crowell,B,28,71,81,152,564,140,37
613,87627,2022,Vean Brock,B,18,51,30,81,542,112,8
614,87627,2022,Lynn Bare,B,25,39,67,106,566,122,20
615,87627,2023,Lynn Bare,B,26,39,67,106,559,118,23
616,87627,2023,Oral Barclay,B,28,70,69,139,573,125,19
617,87627,2023,Liz Brumley,B,26,43,35,78,577,122,17
618,87627,2023,Galen Danforth,B,22,31,48,79,546,111,9
619,87627,2023,Curly Garrison,B,19,62,42,104,568,124,14
620,87627,2024,Liz Brumley,B,27,43,35,78,564,114,12
621,87627,2024,Lynn Bare,B,27,39,67,106,556,120,25
622,87627,2024,Curly Garrison,B,20,73,50,123,549,143,26
623,87627,2024,Vida Burke,B,19,49,30,79,569,123,6
624,87627,2024,Peanuts Camp,B,23,32,39,71,573,117,11
625,87627,2025,Lynn Bare,B,28,39,67,106,556,119,26
626,87627,2025,Vida Burke,B,20,53,42,95,566,120,16
627,87627,2025,Curly Garrison,B,21,73,53,126,559,136,23
628,87627,2025,Hoot Bolling,B,22,32,66,98,557,116,20
629,87627,2025,Culley Bateman,B,18,72,51,123,567,142,9
630,87627,2026,Hoot Bolling,B,23,35,67,102,554,118,24
631,87627,2026,Lynn Bare,B,29,39,66,105,572,121,21
632,87627,2026,Vida Burke,B,21,60,50,110,560,122,19
633,87627,2026,Curly Garrison,B,22,75,55,130,564,137,16
634,87627,2026,Ethan Blyleven,B,21,68,41,109,559,147,18
635,87627,2027,Hoot Bolling,B,24,36,70,106,562,118,20
636,87627,2027,Lynn Bare,B,30,34,66,100,581,121,27
637,87627,2027,Vida Burke,B,22,67,58,125,572,125,22
638,87627,2027,Ethan Blyleven,B,22,75,45,120,563,148,18
639,87627,2027,Possum Bagwell,B,24,76,44,120,557,145,14
640,87627,2028,Lynn Bare,B,31,34,61,95,565,116,22
641,87627,2028,Vida Burke,B,23,72,61,133,557,150,18
642,87627,2028,Hoot Bolling,B,25,36,70,106,561,120,17
643,87627,2028,Sarge Hassett,B,22,31,57,88,565,110,12
644,87627,2028,Elam Finney,B,21,75,79,154,564,157,25
645,87627,2029,Hoot Bolling,B,26,36,70,106,570,123,27
646,87627,2029,Lynn Bare,B,32,29,55,84,569,116,21
647,87627,2029,Sarge Hassett,B,23,31,62,93,566,114,28
648,87627,2029,Vida Burke,B,24,75,62,137,563,156,24
649,87627,2029,Elam Finney,B,22,77,87,164,553,171,34
650,87627,2030,Hoot Bolling,B,27,36,70,106,566,120,27
651,87627,2030,Lynn Bare,B,33,17,48,65,555,111,23
652,87627,2030,Sarge Hassett,B,24,35,63,98,561,113,23
653,87627,2030,Elam Finney,B,23,79,92,171,565,177,36
654,87627,2030,Newt Gomez,B,22,54,34,88,563,124,11
655,87627,2031,Lynn Bare,B,34,5,40,45,565,105,11
656,87627,2031,Sarge Hassett,B,25,36,65,101,561,115,24
657,87627,2031,Hoot Bolling,B,28,36,70,106,541,110,31
658,87627,2031,Skip Hoyt,B,24,51,45,96,565,123,15
659,87627,2031,Earl Almon,B,25,58,40,98,555,122,18
660,87627,2032,Hoot Bolling,B,29,36,65,101,549,118,16
661,87627,2032,Lynn Bare,B,35,0,24,24,562,90,7
662,87627,2032,Sarge Hassett,B,26,36,65,101,548,117,26
663,87627,2032,Earl Almon,B,26,58,40,98,565,136,13
664,87627,2032,Dickie Becker,B,22,39,49,88,554,117,19
665,87627,2033,Earl Almon,B,27,58,40,98,575,138,9
666,87627,2033,Hoot Bolling,B,30,33,65,98,561,114,26
667,87627,2033,Lynn Bare,B,36,0,6,6,562,90,2
668,87627,2033,Dickie Becker,B,23,45,55,100,560,120,19
669,87627,2033,Donn Gallia,B,20,51,48,99,561,121,14
670,87627,2034,Donn Gallia,B,21,56,54,110,557,120,23
671,87627,2034,Hoot Bolling,B,31,29,62,91,572,115,17
672,87627,2034,Lynn Bare,B,37,0,0,0,570,90,0
673,87627,2034,Dickie Becker,B,24,47,55,102,567,121,20
674,87627,2034,Howie Foy,B,23,69,53,122,564,139,17
675,87627,2035,Howie Foy,B,24,71,56,127,586,138,18
676,87627,2035,Lynn Bare,B,38,0,0,0,564,90,0
677,87627,2035,Dickie Becker,B,25,48,55,103,562,118,20
678,87627,2035,Cesar Downing,B,24,47,30,77,573,123,6
679,87627,2035,Grady Gray,B,18,36,59,95,543,112,22
680,87627,2036,Grady Gray,B,19,46,71,117,557,121,28
681,87627,2036,Howie Foy,B,25,72,57,129,571,134,24
682,87627,2036,Cesar Downing,B,25,49,30,79,553,119,8
683,87627,2036,Fritz Groh,B,23,72,48,120,553,131,22
684,87627,2036,Gaylord Downing,B,25,61,31,92,562,121,6
685,87627,2037,Grady Gray,B,20,49,75,124,560,121,20
686,87627,2037,Howie Foy,B,26,72,57,129,562,125,21
687,87627,2037,Fritz Groh,B,24,73,51,124,572,147,19
688,87627,2037,Hobie Hoak,B,19,30,73,103,559,116,30
689,87627,2037,Lum Hendley,B,19,41,67,108,559,117,23
690,87627,2038,Grady Gray,B,21,58,82,140,570,127,22
691,87627,2038,Lum Hendley,B,20,43,71,114,557,121,20
692,87627,2038,Fritz Groh,B,25,73,51,124,563,137,20
693,87627,2038,Nippy Friberg,B,21,34,35,69,554,117,11
694,87627,2038,Michael Gregory,B,19,77,54,131,568,172,20
695,87627,2039,Grady Gray,B,22,61,87,148,567,127,39
696,87627,2039,Lum Hendley,B,21,51,74,125,566,121,38
697,87627,2039,Nippy Friberg,B,22,34,38,72,567,119,14
698,87627,2039,Fritz Groh,B,26,73,51,124,558,142,19
699,87627,2039,Hank Barton,B,23,56,46,102,557,122,17
700,87627,2040,Grady Gray,B,23,65,90,155,560,141,40
701,87627,2040,Hank Barton,B,24,56,47,103,559,121,14
702,87627,2040,Nippy Friberg,B,23,37,41,78,556,120,13
703,87627,2040,Fritz Groh,B,27,73,51,124,563,142,27
704,87627,2040,Oral Burris,B,20,51,43,94,564,117,17
705,87627,2041,Grady Gray,B,24,66,93,159,568,138,34
706,87627,2041,Oral Burris,B,21,51,53,104,572,125,19
707,87627,2041,Fritz Groh,B,28,73,51,124,566,142,17
708,87627,2041,Ernie Gooch,B,21,43,39,82,568,122,9
709,87627,2041,Spike Decker,B,25,41,75,116,557,119,26
710,87627,2042,Grady Gray,B,25,66,95,161,564,148,27
711,87627,2042,Oral Burris,B,22,59,53,112,553,125,20
712,87627,2042,Spike Decker,B,26,41,75,116,568,118,24
713,87627,2042,Fritz Groh,B,29,72,51,123,561,142,23
714,87627,2042,Buster Brecheen,B,25,80,36,116,557,167,18
715,87627,2043,Fritz Groh,B,30,71,44,115,563,150,14
716,87627,2043,Grady Gray,B,26,66,95,161,578,131,27
717,87627,2043,Spike Decker,B,27,41,75,116,566,122,33
718,87627,2043,Buster Brecheen,B,26,80,36,116,561,160,14
719,87627,2043,Dal Goldsmith,B,23,54,50,104,576,125,18
720,87627,2044,Dal Goldsmith,B,24,56,54,110,561,120,20
721,87627,2044,Fritz Groh,B,31,70,35,105,568,140,12
722,87627,2044,Grady Gray,B,27,66,95,161,567,125,30
723,87627,2044,Buster Brecheen,B,27,80,36,116,565,167,19
724,87627,2044,Guy Birrer,B,21,36,50,86,560,113,19
725,87627,2045,Grady Gray,B,28,66,95,161,563,138,33
726,87627,2045,Guy Birrer,B,22,41,52,93,563,114,21
727,87627,2045,Buster Brecheen,B,28,80,36,116,563,164,12
728,87627,2045,Sugar Coffman,B,21,56,34,90,559,121,8
729,87627,2045,Lyman Hamilton,B,22,33,55,88,549,113,17
730,87627,2046,Grady Gray,B,29,61,94,155,556,121,43
731,87627,2046,Guy Birrer,B,23,47,58,105,574,123,26
732,87627,2046,Sugar Coffman,B,22,57,35,92,553,119,12
733,87627,2046,Buster Brecheen,B,29,79,36,115,566,148,13
734,87627,2046,Monk Bonham,B,20,78,77,155,553,141,27
735,87627,2047,Guy Birrer,B,24,48,58,106,567,121,20
736,87627,2047,Monk Bonham,B,21,80,86,166,571,153,38
737,87627,2047,Sugar Coffman,B,23,57,35,92,557,122,14
738,87627,2047,Grady Gray,B,30,61,92,153,544,127,36
739,87627,2047,Chet Cubbage,B,19,73,42,115,569,170,10
740,87627,2048,Guy Birrer,B,25,48,59,107,559,121,16
741,87627,2048,Sugar Coffman,B,24,61,39,100,550,135,6
742,87627,2048,Grady Gray,B,31,61,83,144,551,141,29
743,87627,2048,Cy Benton,B,19,59,43,102,563,121,16
744,87627,2048,Marsh Callison,B,18,64,36,100,571,126,13
745,87627,2049,Grady Gray,B,32,57,76,133,570,122,18
746,87627,2049,Guy Birrer,B,26,48,59,107,568,122,20
747,87627,2049,Marsh Callison,B,19,72,49,121,569,139,18
748,87627,2049,Cy Benton,B,20,64,48,112,561,129,16
749,87627,2049,Fay Boerner,B,23,71,58,129,563,136,20
750,87627,2050,Fay Boerner,B,24,73,59,132,574,146,29
751,87627,2050,Grady Gray,B,33,52,73,125,573,124,21
752,87627,2050,Marsh Callison,B,20,83,53,136,577,172,18
753,87627,2050,Cy Benton,B,21,66,51,117,577,135,14
754,87627,2050,Al Christopher,B,19,76,30,106,558,142,9
755,88613,1900,Allen Bunker,B,25,41,56,97,558,119,22
756,88613,1900,Dazzy Suder,B,28,47,75,122,552,119,26
757,88613,1900,Curtis Hooton,B,31,50,53,103,554,124,23
758,88613,1900,Orie Bowen,B,20,43,73,116,558,118,29
759,88613,1900,Hoot Freitas,B,23,30,51,81,570,116,11
760,88613,1901,Curtis Hooton,B,32,40,43,83,568,118,22
761,88613,1901,Dazzy Suder,B,29,47,75,122,553,120,31
762,88613,1901,Orie Bowen,B,21,52,82,134,557,119,34
763,88613,1901,Allen Bunker,B,26,41,56,97,567,123,19
764,88613,1901,Brock Bevens,B,25,58,57,115,556,120,23
765,88613,1902,Brock Bevens,B,26,58,57,115,564,124,18
766,88613,1902,Dazzy Suder,B,30,41,69,110,557,117,32
767,88613,1902,Orie Bowen,B,22,58,89,147,565,123,26
768,88613,1902,Allen Bunker,B,27,41,56,97,565,120,17
769,88613,1902,Alvin Hanson,B,20,32,58,90,561,121,18
770,88613,1903,Alvin Hanson,B,21,37,58,95,561,116,17
771,88613,1903,Dazzy Suder,B,31,41,68,109,564,116,33
772,88613,1903,Orie Bowen,B,23,58,91,149,561,121,36
773,88613,1903,Allen Bunker,B,28,41,56,97,567,115,15
774,88613,1903,Tuck Groth,B,18,39,79,118,553,119,25
775,88613,1904,Dazzy Suder,B,32,30,60,90,566,115,21
776,88613,1904,Orie Bowen,B,24,59,94,153,553,118,31
777,88613,1904,Tuck Groth,B,19,46,83,129,578,125,31
778,88613,1904,Allen Bunker,B,29,37,56,93,549,118,17
779,88613,1904,Fran Bradley,B,24,58,47,105,567,122,15
780,88613,1905,Fran Bradley,B,25,58,49,107,566,125,23
781,88613,1905,Orie Bowen,B,25,60,94,154,557,120,38
782,88613,1905,Allen Bunker,B,30,34,49,83,564,120,18
783,88613,1905,Darold Gentry,B,18,44,64,108,572,126,20
784,88613,1905,Marlin Estock,B,20,35,62,97,563,114,16
785,88613,1906,Marlin Estock,B,21,45,68,113,560,117,25
786,88613,1906,Orie Bowen,B,26,60,94,154,547,124,27
787,88613,1906,Allen Bunker,B,31,32,48,80,565,122,18
788,88613,1906,Hughie Gaston,B,19,76,39,115,568,153,10
789,88613,1906,Butch Cimoli,B,24,66,52,118,576,140,16
790,88613,1907,Marlin Estock,B,22,51,71,122,572,125,25
791,88613,1907,Orie Bowen,B,27,60,94,154,564,127,28
792,88613,1907,Hughie Gaston,B,20,88,41,129,570,173,11
793,88613,1907,Greg Clift,B,19,64,47,111,567,137,14
794,88613,1907,Teddy Glynn,B,23,71,57,128,559,139,24
795,88613,1908,Marlin Estock,B,23,53,72,125,558,120,29
796,88613,1908,Teddy Glynn,B,24,73,58,131,565,153,15
797,88613,1908,Greg Clift,B,20,73,59,132,571,144,30
798,88613,1908,Frank Fisk,B,24,33,80,113,558,115,29
799,88613,1908,Sal Dallessandro,B,18,65,38,103,559,127,11
800,88613,1909,Marlin Estock,B,24,54,73,127,554,121,19
801,88613,1909,Sal Dallessandro,B,19,71,41,112,575,128,15
802,88613,1909,Teddy Glynn,B,25,75,58,133,570,146,21
803,88613,1909,Greg Clift,B,21,81,69,150,566,136,18
804,88613,1909,Arky Cook,B,25,62,46,108,580,125,15
805,88613,1910,Marlin Estock,B,25,55,75,130,558,120,20
806,88613,1910,Teddy Glynn,B,26,75,58,133,560,146,27
807,88613,1910,Arky Cook,B,26,62,46,108,550,137,18
808,88613,1910,Chet Drysdale,B,21,79,68,147,572,164,20
809,88613,1910,Lindy Alvarez,B,23,62,67,129,573,131,18
810,88613,1911,Marlin Estock,B,26,55,75,130,570,124,14
811,88613,1911,Teddy Glynn,B,27,75,58,133,562,146,24
812,88613,1911,Lindy Alvarez,B,24,62,70,132,566,122,31
813,88613,1911,Coco Gables,B,19,45,68,113,560,122,22
814,88613,1911,Harmon Cumberland,B,19,62,57,119,567,122,21
815,88613,1912,Marlin Estock,B,27,55,75,130,556,120,31
816,88613,1912,Teddy Glynn,B,28,75,58,133,565,149,20
817,88613,1912,Lindy Alvarez,B,25,63,71,134,563,126,22
818,88613,1912,Sammy Craft,B,18,31,41,72,559,113,12
819,88613,1912,Van Hacker,B,25,32,46,78,557,121,14
820,88613,1913,Teddy Glynn,B,29,71,58,129,554,128,21
821,88613,1913,Van Hacker,B,26,32,46,78,547,112,15
822,88613,1913,Sammy Craft,B,19,45,46,91,562,120,14
823,88613,1913,Lamar Gossage,B,25,51,52,103,559,122,15
824,88613,1913,Hilly Fuhr,B,23,41,49,90,561,121,11
825,88613,1914,Sammy Craft,B,20,48,58,106,576,127,20
826,88613,1914,Teddy Glynn,B,30,69,55,124,563,147,17
827,88613,1914,Lamar Gossage,B,26,51,52,103,560,120,16
828,88613,1914,Sheriff Hetki,B,23,51,37,88,574,128,19
829,88613,1914,Bama Gebrian,B,25,31,53,84,561,118,21
830,88613,1915,Sammy Craft,B,21,50,68,118,567,122,32
831,88613,1915,Teddy Glynn,B,31,68,47,115,563,132,17
832,88613,1915,Bama Gebrian,B,26,31,53,84,560,115,16
833,88613,1915,Spook Cimino,B,22,44,36,80,555,120,15
834,88613,1915,Juan Gullett,B,25,41,34,75,569,117,14
835,88613,1916,Juan Gullett,B,26,41,34,75,560,115,7
836,88613,1916,Sammy Craft,B,22,52,73,125,567,121,37
837,88613,1916,Teddy Glynn,B,32,67,39,106,564,131,16
838,88613,1916,Bama Gebrian,B,27,31,53,84,560,114,18
839,88613,1916,Skeeter Espinosa,B,19,50,33,83,553,119,8
840,88613,1917,Sammy Craft,B,23,54,76,130,549,127,29
841,88613,1917,Skeeter Espinosa,B,20,56,39,95,558,129,17
842,88613,1917,Teddy Glynn,B,33,55,27,82,560,134,8
843,88613,1917,Bama Gebrian,B,28,31,53,84,562,115,11
844,88613,1917,Mike Garland,B,25,80,50,130,575,171,21
845,88613,1918,Mike Garland,B,26,80,50,130,574,159,16
846,88613,1918,Sammy Craft,B,24,56,76,132,567,122,20
847,88613,1918,Skeeter Espinosa,B,21,64,46,110,561,126,13
848,88613,1918,Bama Gebrian,B,29,30,53,83,578,117,15
849,88613,1918,Walter Gumpert,B,25,39,76,115,561,120,30
850,88613,1919,Skeeter Espinosa,B,22,72,51,123,579,154,17
851,88613,1919,Walter Gumpert,B,26,39,76,115,567,117,30
852,88613,1919,Mike Garland,B,27,80,50,130,566,154,14
853,88613,1919,Lon Auerbach,B,18,49,40,89,583,125,13
854,88613,1919,Fritz Castro,B,19,34,70,104,576,117,20
855,88613,1920,Lon Auerbach,B,19,62,49,111,556,127,18
856,88613,1920,Mike Garland,B,28,80,50,130,561,150,18
857,88613,1920,Skeeter Espinosa,B,23,76,54,130,570,154,22
858,88613,1920,Fritz Castro,B,20,45,77,122,565,121,24
859,88613,1920,Lowell Breuer,B,18,77,34,111,560,156,8
860,88613,1921,Lowell Breuer,B,19,89,42,131,564,167,11
861,88613,1921,Mike Garland,B,29,76,45,121,559,165,11
862,88613,1921,Skeeter Espinosa,B,24,77,55,132,553,145,20
863,88613,1921,Lon Auerbach,B,20,68,59,127,577,140,23
864,88613,1921,Kiddo Bildilli,B,25,59,33,92,566,124,13
865,88613,1922,Lowell Breuer,B,20,95,47,142,571,195,17
866,88613,1922,Skeeter Espinosa,B,25,78,56,134,561,146,23
867,88613,1922,Lon Auerbach,B,21,77,67,144,563,138,22
868,88613,1922,Moon Fregosi,B,24,58,80,138,576,123,26
869,88613,1922,Dallas Howe,B,18,64,55,119,566,122,15
870,88613,1923,Lon Auerbach,B,22,81,71,152,579,141,32
871,88613,1923,Moon Fregosi,B,25,59,80,139,564,127,28
872,88613,1923,Skeeter Espinosa,B,26,78,56,134,569,151,25
873,88613,1923,Dallas Howe,B,19,72,56,128,557,148,20
874,88613,1923,Kent Coppola,B,25,34,38,72,559,114,18
875,88613,1924,Kent Coppola,B,26,34,38,72,555,115,12
876,88613,1924,Lon Auerbach,B,23,84,72,156,571,185,17
877,88613,1924,Dallas Howe,B,20,80,60,140,547,159,21
878,88613,1924,Rance Finney,B,18,31,57,88,555,112,16
879,88613,1924,Murray Farmer,B,19,50,59,109,560,121,21
880,88613,1925,Kent Coppola,B,27,34,38,72,556,113,17
881,88613,1925,Lon Auerbach,B,24,87,72,159,553,171,26
882,88613,1925,Murray Farmer,B,20,57,67,124,564,124,24
883,88613,1925,Dallas Howe,B,21,80,61,141,559,184,20
884,88613,1925,Spook Brady,B,23,34,76,110,546,113,33
885,88613,1926,Lon Auerbach,B,25,89,72,161,567,180,24
886,88613,1926,Murray Farmer,B,21,64,68,132,560,135,20
887,88613,1926,Spook Brady,B,24,37,78,115,549,117,33
888,88613,1926,Dallas Howe,B,22,86,66,152,561,171,24
889,88613,1926,Seth DeBusschere,B,21,32,71,103,549,112,22
890,88613,1927,Murray Farmer,B,22,64,68,132,573,130,25
891,88613,1927,Seth DeBusschere,B,22,40,74,114,566,119,25
892,88613,1927,Spook Brady,B,25,38,78,116,567,122,18
893,88613,1927,Dallas Howe,B,23,89,69,158,573,179,26
894,88613,1927,Schoolboy Ingerton,B,21,76,52,128,561,143,23
895,88613,1928,Seth DeBusschere,B,23,43,75,118,545,122,26
896,88613,1928,Spook Brady,B,26,38,78,116,564,117,28
897,88613,1928,Schoolboy Ingerton,B,22,82,60,142,565,150,23
898,88613,1928,Kenny Blefary,B,21,70,55,125,577,134,23
899,88613,1928,Scotty Herman,B,18,73,78,151,556,144,27
900,88613,1929,Scotty Herman,B,19,85,82,167,559,171,37
901,88613,1929,Spook Brady,B,27,38,78,116,564,116,21
902,88613,1929,Schoolboy Ingerton,B,23,84,63,147,567,177,28
903,88613,1929,Ramon Bolin,B,24,59,68,127,573,129,24
904,88613,1929,Cuckoo Cross,B,22,64,36,100,564,133,12
905,88613,1930,Schoolboy Ingerton,B,24,86,67,153,564,157,17
906,88613,1930,Spook Brady,B,28,38,78,116,570,120,27
907,88613,1930,Cuckoo Cross,B,23,70,40,110,554,136,6
908,88613,1930,Hub Haefner,B,24,31,51,82,563,115,24
909,88613,1930,Marius Hobaugh,B,20,72,48,120,566,132,17
910,88613,1931,Marius Hobaugh,B,21,79,49,128,557,143,23
911,88613,1931,Schoolboy Ingerton,B,25,87,67,154,562,169,21
912,88613,1931,Spook Brady,B,29,36,78,114,564,117,27
913,88613,1931,Cuckoo Cross,B,24,71,41,112,550,130,16
914,88613,1931,Zeb Hendryx,B,20,77,79,156,561,149,26
915,88613,1932,Marius Hobaugh,B,22,85,50,135,557,153,22
916,88613,1932,Schoolboy Ingerton,B,26,87,67,154,562,161,30
917,88613,1932,Cuckoo Cross,B,25,72,43,115,563,137,19
918,88613,1932,Tod Davenport,B,23,73,46,119,560,156,23
919,88613,1932,Rod Freehan,B,22,55,64,119,553,123,25
920,88613,1933,Rod Freehan,B,23,56,64,120,564,134,23
921,88613,1933,Schoolboy Ingerton,B,27,87,67,154,540,167,28
922,88613,1933,Marius Hobaugh,B,23,88,55,143,571,180,16
923,88613,1933,Brent Bonura,B,24,37,38,75,570,115,15
924,88613,1933,Monte Bird,B,22,61,36,97,553,127,9
925,88613,1934,Monte Bird,B,23,63,36,99,564,142,22
926,88613,1934,Schoolboy Ingerton,B,28,87,67,154,565,177,28
927,88613,1934,Marius Hobaugh,B,24,88,59,147,558,156,23
928,88613,1934,Pepe Grigsby,B,23,38,31,69,566,119,13
929,88613,1934,Dixie Carreon,B,24,54,73,127,565,122,31
930,88613,1935,Monte Bird,B,24,66,39,105,561,141,11
931,88613,1935,Pepe Grigsby,B,24,41,35,76,557,119,17
932,88613,1935,Schoolboy Ingerton,B,29,85,67,152,570,160,22
933,88613,1935,Dixie Carreon,B,25,55,73,128,562,121,24
934,88613,1935,Cuddles Elston,B,21,32,38,70,565,114,11
935,88613,1936,Dixie Carreon,B,26,55,73,128,551,120,31
936,88613,1936,Pepe Grigsby,B,25,43,36,79,566,121,14
937,88613,1936,Cuddles Elston,B,22,36,40,76,579,120,9
938,88613,1936,Ozzie Friend,B,18,64,42,106,562,127,21
939,88613,1936,Rudy Ganzel,B,19,46,68,114,572,123,29
940,88613,1937,Ozzie Friend,B,19,70,55,125,543,133,14
941,88613,1937,Pepe Grigsby,B,26,43,36,79,564,117,11
942,88613,1937,Rudy Ganzel,B,20,50,78,128,567,122,42
943,88613,1937,Dixie Carreon,B,27,55,73,128,575,124,33
944,88613,1937,Verne Alvarez,B,21,30,68,98,565,115,26
945,88613,1938,Ozzie Friend,B,20,81,66,147,564,160,17
946,88613,1938,Rudy Ganzel,B,21,59,87,146,567,125,31
947,88613,1938,Verne Alvarez,B,22,31,74,105,575,118,24
948,88613,1938,Dixie Carreon,B,28,55,73,128,559,121,22
949,88613,1938,Cap Coggins,B,25,49,45,94,574,124,17
950,88613,1939,Dixie Carreon,B,29,55,68,123,570,129,20
951,88613,1939,Ozzie Friend,B,21,82,72,154,554,160,35
952,88613,1939,Rudy Ganzel,B,22,64,90,154,562,123,31
953,88613,1939,Verne Alvarez,B,23,36,74,110,560,121,29
954,88613,1939,Cap Coggins,B,26,49,45,94,572,123,14
955,88613,1940,Dixie Carreon,B,30,55,62,117,553,119,28
956,88613,1940,Ozzie Friend,B,22,86,79,165,552,170,18
957,88613,1940,Cap Coggins,B,27,49,45,94,566,119,9
958,88613,1940,Angel Ferrara,B,21,80,77,157,563,154,26
959,88613,1940,Jay Bolton,B,23,67,34,101,569,136,20
960,88613,1941,Cap Coggins,B,28,49,45,94,550,119,19
961,88613,1941,Ozzie Friend,B,23,90,85,175,558,158,26
962,88613,1941,Angel Ferrara,B,22,86,80,166,558,172,33
963,88613,1941,Ted House,B,25,80,38,118,570,165,12
964,88613,1941,Armando Aspromonte,B,22,77,57,134,559,150,21
965,88613,1942,Cap Coggins,B,29,45,45,90,572,120,18
966,88613,1942,Ozzie Friend,B,24,92,87,179,573,196,41
967,88613,1942,Angel Ferrara,B,23,88,85,173,563,184,44
968,88613,1942,Walton Brickell,B,21,74,43,117,568,141,20
969,88613,1942,Carroll Elston,B,19,34,46,80,575,119,20
970,88613,1943,Cap Coggins,B,30,41,40,81,568,120,12
971,88613,1943,Ozzie Friend,B,25,93,88,181,544,164,39
972,88613,1943,Angel Ferrara,B,24,89,85,174,570,196,32
973,88613,1943,Turk Donohue,B,25,53,75,128,566,121,19
974,88613,1943,Jorge Brooks,B,21,38,44,82,553,117,9
975,88613,1944,Jorge Brooks,B,22,39,44,83,554,115,31
976,88613,1944,Ozzie Friend,B,26,93,88,181,572,206,32
977,88613,1944,Cap Coggins,B,31,40,35,75,560,121,12
978,88613,1944,Vern Hairston,B,18,71,39,110,562,145,16
979,88613,1944,King Durham,B,19,41,60,101,574,122,23
980,88637,1900,Syl Milan,B,27,55,63,118,560,124,29
981,88637,1900,Neal Heathcote,B,33,74,57,131,563,147,19
982,88637,1900,Darrell Sparma,B,31,57,30,87,557,123,9
983,88637,1900,Hoyt Gilhooley,B,22,71,56,127,577,143,14
984,88637,1900,Moon Hitt,B,23,53,55,108,560,117,14
985,88637,1901,Hoyt Gilhooley,B,23,71,58,129,569,145,17
986,88637,1901,Moon Hitt,B,24,57,57,114,561,119,21
987,88637,1901,Neal Heathcote,B,34,60,51,111,565,126,11
988,88637,1901,Darrell Sparma,B,32,51,29,80,567,123,16
989,88637,1901,Milt Beazley,B,20,33,53,86,571,116,20
990,88637,1902,Hoyt Gilhooley,B,24,75,61,136,559,176,18
991,88637,1902,Milt Beazley,B,21,42,60,102,561,115,22
992,88637,1902,Neal Heathcote,B,35,49,36,85,557,122,14
993,88637,1902,Darrell Sparma,B,33,39,23,62,561,118,10
994,88637,1902,Percy Colavito,B,21,54,38,92,563,123,13
995,88637,1903,Neal Heathcote,B,36,48,27,75,559,118,13
996,88637,1903,Percy Colavito,B,22,56,40,96,566,123,20
997,88637,1903,Hoyt Gilhooley,B,25,76,63,139,560,161,27
998,88637,1903,Ewell Gebrian,B,22,61,35,96,560,126,12
999,88637,1903,Delos Connolly,B,23,73,50,123,562,131,15
1000,88637,1904,Ewell Gebrian,B,23,61,40,101,562,130,10
1001,88637,1904,Hoyt Gilhooley,B,26,76,63,139,575,124,29
1002,88637,1904,Neal Heathcote,B,37,31,11,42,564,114,3
1003,88637,1904,Delos Connolly,B,24,75,54,129,558,132,17
1004,88637,1904,Loren Coppola,B,19,52,73,125,565,124,32
1005,88637,1905,Hoyt Gilhooley,B,27,76,63,139,567,157,26
1006,88637,1905,Loren Coppola,B,20,62,81,143,577,124,31
1007,88637,1905,Neal Heathcote,B,38,19,7,26,572,116,1
1008,88637,1905,Delos Connolly,B,25,75,55,130,571,140,24
1009,88637,1905,Erskine Beckmann,B,19,46,60,106,565,119,23
1010,88637,1906,Loren Coppola,B,21,65,83,148,570,131,38
1011,88637,1906,Neal Heathcote,B,39,19,0,19,560,113,0
1012,88637,1906,Delos Connolly,B,26,75,55,130,548,143,14
1013,88637,1906,Hack Bertaina,B,25,57,79,136,568,126,29
1014,88637,1906,Ellis Hobaugh,B,18,71,80,151,560,135,28
1015,88637,1907,Hack Bertaina,B,26,57,79,136,556,126,24
1016,88637,1907,Neal Heathcote,B,40,7,0,7,566,98,0
1017,88637,1907,Ellis Hobaugh,B,19,77,82,159,564,138,34
1018,88637,1907,Milt Brown,B,25,62,76,138,566,122,30
1019,88637,1907,Matt Borgmann,B,25,69,64,133,563,127,21
1020,88637,1908,Hack Bertaina,B,27,57,79,136,542,116,26
1021,88637,1908,Matt Borgmann,B,26,69,64,133,549,138,36
1022,88637,1908,Milt Brown,B,26,62,76,138,567,128,28
1023,88637,1908,Ellis Hobaugh,B,20,84,86,170,565,171,24
1024,88637,1908,Carl Donohue,B,25,74,51,125,562,151,17
1025,88637,1909,Hack Bertaina,B,28,57,79,136,567,123,20
1026,88637,1909,Milt Brown,B,27,62,76,138,572,125,22
1027,88637,1909,Ellis Hobaugh,B,21,84,91,175,564,167,23
1028,88637,1909,Glen Grove,B,19,56,54,110,559,127,18
1029,88637,1909,Shanty Clemens,B,22,79,52,131,561,148,12
1030,88637,1910,Glen Grove,B,20,66,54,120,564,137,27
1031,88637,1910,Milt Brown,B,28,62,76,138,574,122,30
1032,88637,1910,Shanty Clemens,B,23,85,57,142,555,180,25
1033,88637,1910,Ellis Hobaugh,B,22,92,92,184,569,183,33
1034,88637,1910,Lefty Brodowski,B,22,34,53,87,557,116,21
1035,88637,1911,Lefty Brodowski,B,23,35,56,91,565,118,13
1036,88637,1911,Milt Brown,B,29,62,74,136,568,137,30
1037,88637,1911,Glen Grove,B,21,70,64,134,551,143,24
1038,88637,1911,Bart Hamlin,B,19,48,51,99,567,118,19
1039,88637,1911,Arthur Galloway,B,24,75,30,105,576,167,9
1040,88637,1912,Bart Hamlin,B,20,56,61,117,556,122,22
1041,88637,1912,Glen Grove,B,22,75,65,140,560,153,28
1042,88637,1912,Milt Brown,B,30,61,68,129,551,122,20
1043,88637,1912,Arthur Galloway,B,25,76,32,108,556,153,10
1044,88637,1912,Evar Hendricks,B,21,54,78,132,565,124,31
1045,88637,1913,Evar Hendricks,B,22,57,84,141,568,128,27
1046,88637,1913,Glen Grove,B,23,77,65,142,556,146,25
1047,88637,1913,Milt Brown,B,31,60,68,128,546,121,29
1048,88637,1913,Arthur Galloway,B,26,76,32,108,570,168,6
1049,88637,1913,Scipio Goldman,B,20,40,40,80,571,123,10
1050,88637,1914,Glen Grove,B,24,80,66,146,581,165,28
1051,88637,1914,Milt Brown,B,32,55,58,113,556,119,15
1052,88637,1914,Scipio Goldman,B,21,48,45,93,563,121,11
1053,88637,1914,Evar Hendricks,B,23,62,86,148,567,137,35
1054,88637,1914,Ryne Friend,B,23,55,52,107,560,127,12
1055,88637,1915,Milt Brown,B,33,43,53,96,543,115,17
1056,88637,1915,Scipio Goldman,B,22,52,48,100,561,121,17
1057,88637,1915,Glen Grove,B,25,81,68,149,558,166,18
1058,88637,1915,Forrest Croucher,B,23,75,59,134,556,149,27
1059,88637,1915,Darrell Adamson,B,20,34,38,72,580,118,14
1060,88637,1916,Glen Grove,B,26,81,68,149,568,165,20
1061,88637,1916,Milt Brown,B,34,43,41,84,569,125,12
1062,88637,1916,Scipio Goldman,B,23,58,50,108,563,122,11
1063,88637,1916,Darrell Adamson,B,21,34,39,73,551,116,13
1064,88637,1916,Travis Decatur,B,20,37,57,94,582,119,27
1065,88637,1917,Glen Grove,B,27,81,68,149,555,162,23
1066,88637,1917,Milt Brown,B,35,29,32,61,572,116,10
1067,88637,1917,Travis Decatur,B,21,45,66,111,564,127,20
1068,88637,1917,Darrell Adamson,B,22,39,40,79,556,117,14
1069,88637,1917,Sergio Bonham,B,19,75,55,130,560,145,16
1070,88637,1918,Milt Brown,B,36,29,13,42,562,113,4
1071,88637,1918,Sergio Bonham,B,20,84,55,139,549,166,30
1072,88637,1918,Travis Decatur,B,22,50,74,124,571,121,25
1073,88637,1918,Darrell Adamson,B,23,41,42,83,551,117,16
1074,88637,1918,Edd Campanella,B,21,39,50,89,555,115,18
1075,88637,1919,Milt Brown,B,37,26,0,26,566,114,0
1076,88637,1919,Sergio Bonham,B,21,93,60,153,562,199,26
1077,88637,1919,Edd Campanella,B,22,43,54,97,568,124,24
1078,88637,1919,Gabe Brown,B,25,32,43,75,558,116,9
1079,88637,1919,Ivey Doyle,B,21,54,41,95,562,122,21
1080,88637,1920,Gabe Brown,B,26,32,43,75,583,124,15
1081,88637,1920,Milt Brown,B,38,8,0,8,566,108,0
1082,88637,1920,Edd Campanella,B,23,47,58,105,550,117,20
1083,88637,1920,Glen Chakales,B,18,61,44,105,557,128,11
1084,88637,1920,Cliff Davenport,B,24,33,43,76,564,116,14
1085,88637,1921,Gabe Brown,B,27,32,43,75,572,117,13
1086,88637,1921,Glen Chakales,B,19,66,56,122,568,127,17
1087,88637,1921,Milt Brown,B,39,0,0,0,564,90,0
1088,88637,1921,Edd Campanella,B,24,50,59,109,557,120,25
1089,88637,1921,Jesus Haas,B,22,65,71,136,565,131,32
1090,88637,1922,Gabe Brown,B,28,32,43,75,569,114,9
1091,88637,1922,Jesus Haas,B,23,68,77,145,564,134,29
1092,88637,1922,Milt Brown,B,40,0,0,0,570,90,0
1093,88637,1922,Edd Campanella,B,25,50,59,109,562,121,28
1094,88637,1922,Limb Carlos,B,24,45,33,78,558,120,11
1095,88637,1923,Gabe Brown,B,29,32,43,75,562,113,5
1096,88637,1923,Jesus Haas,B,24,68,80,148,560,124,28
1097,88637,1923,Edd Campanella,B,26,50,59,109,573,121,28
1098,88637,1923,Glen Dailey,B,24,63,60,123,563,131,16
1099,88637,1923,Everett Dettore,B,22,57,66,123,577,130,21
1100,88637,1924,Everett Dettore,B,23,57,72,129,559,124,26
1101,88637,1924,Gabe Brown,B,30,27,43,70,576,119,11
1102,88637,1924,Glen Dailey,B,25,65,62,127,571,140,20
1103,88637,1924,Edd Campanella,B,27,50,59,109,572,121,26
1104,88637,1924,Chip Banta,B,25,42,78,120,565,116,26
1105,88637,1925,Edd Campanella,B,28,50,59,109,569,123,18
1106,88637,1925,Everett Dettore,B,24,57,76,133,558,125,24
1107,88637,1925,Chip Banta,B,26,42,78,120,557,120,34
1108,88637,1925,Bump Curtright,B,18,42,51,93,575,122,16
1109,88637,1925,Alan Gedeon,B,21,68,76,144,565,137,20
1110,88637,1926,Bump Curtright,B,19,47,61,108,567,120,16
1111,88637,1926,Edd Campanella,B,29,45,59,104,566,122,22
1112,88637,1926,Alan Gedeon,B,22,69,77,146,563,129,32
1113,88637,1926,Jerry Hallahan,B,24,59,56,115,565,134,29
1114,88637,1926,Rob Borkowski,B,21,60,77,137,562,128,23
1115,88637,1927,Edd Campanella,B,30,40,52,92,564,114,8
1116,88637,1927,Jerry Hallahan,B,25,61,57,118,560,124,16
1117,88637,1927,Rob Borkowski,B,22,61,79,140,568,133,28
1118,88637,1927,Bump Curtright,B,20,52,66,118,580,124,19
1119,88637,1927,Arky Burke,B,19,76,32,108,565,150,14
1120,88637,1928,Jerry Hallahan,B,26,61,57,118,550,124,20
1121,88637,1928,Rob Borkowski,B,23,64,83,147,567,138,27
1122,88637,1928,Arky Burke,B,20,87,37,124,576,169,11
1123,88637,1928,Rawly Chartak,B,18,61,70,131,544,118,27
1124,88637,1928,Dib Carey,B,22,35,36,71,558,115,12
1125,88637,1929,Dib Carey,B,23,35,37,72,555,119,12
1126,88637,1929,Jerry Hallahan,B,27,61,57,118,556,128,19
1127,88637,1929,Rawly Chartak,B,19,75,72,147,558,151,19
1128,88637,1929,Rob Borkowski,B,24,66,83,149,567,133,31
1129,88637,1929,Arky Burke,B,21,94,47,141,555,183,13
1130,88637,1930,Dib Carey,B,24,39,37,76,551,113,9
1131,88637,1930,Rawly Chartak,B,20,81,80,161,572,149,31
1132,88637,1930,Rob Borkowski,B,25,66,84,150,575,129,27
1133,88637,1930,Arky Burke,B,22,94,55,149,574,176,25
1134,88637,1930,Smead Batista,B,18,30,40,70,575,116,7
1135,88637,1931,Dib Carey,B,25,39,37,76,566,119,11
1136,88637,1931,Rawly Chartak,B,21,86,82,168,550,175,34
1137,88637,1931,Smead Batista,B,19,33,50,83,563,115,20
1138,88637,1931,Arky Burke,B,23,100,60,160,558,186,32
1139,88637,1931,Allen Drews,B,18,79,66,145,554,154,27
1140,88637,1932,Rawly Chartak,B,22,89,89,178,556,188,39
1141,88637,1932,Smead Batista,B,20,35,57,92,571,118,14
1142,88637,1932,Dib Carey,B,26,39,37,76,576,119,13
1143,88637,1932,Sweetbreads Bowen,B,19,41,54,95,548,118,20
1144,88637,1932,Sugar Cedeno,B,25,67,64,131,556,129,25
1145,88637,1933,Smead Batista,B,21,41,59,100,572,120,18
1146,88637,1933,Sugar Cedeno,B,26,67,64,131,559,143,20
1147,88637,1933,Sweetbreads Bowen,B,20,50,57,107,561,121,24
1148,88637,1933,Rawly Chartak,B,23,90,95,185,567,179,27
1149,88637,1933,Ron Arlin,B,25,74,64,138,565,146,24
1150,88637,1934,Ron Arlin,B,26,74,64,138,553,168,21
1151,88637,1934,Sugar Cedeno,B,27,67,64,131,549,129,22
1152,88637,1934,Sweetbreads Bowen,B,21,53,63,116,562,123,21
1153,88637,1934,Rawly Chartak,B,24,91,99,190,556,158,32
1154,88637,1934,Bunny Almon,B,23,42,80,122,553,119,21
1155,88637,1935,Rawly Chartak,B,25,93,99,192,557,176,37
1156,88637,1935,Ron Arlin,B,27,74,64,138,548,152,16
1157,88637,1935,Sweetbreads Bowen,B,22,57,65,122,559,120,23
1158,88637,1935,Bunny Almon,B,24,45,80,125,557,119,19
1159,88637,1935,Duane Barr,B,22,50,62,112,569,123,30
1160,88637,1936,Duane Barr,B,23,50,63,113,557,121,23
1161,88637,1936,Ron Arlin,B,28,74,64,138,557,156,16
1162,88637,1936,Bunny Almon,B,25,47,80,127,564,125,25
1163,88637,1936,Mandy Budnick,B,23,63,39,102,570,140,15
1164,88637,1936,Moose Cardenal,B,19,61,41,102,559,125,14
1165,88637,1937,Duane Barr,B,24,52,67,119,573,122,24
1166,88637,1937,Mandy Budnick,B,24,67,43,110,568,146,14
1167,88637,1937,Ron Arlin,B,29,69,64,133,554,128,19
1168,88637,1937,Bunny Almon,B,26,47,80,127,535,117,24
1169,88637,1937,Ski Graham,B,25,50,31,81,563,120,14
1170,88637,1938,Duane Barr,B,25,54,68,122,569,117,23
1171,88637,1938,Mandy Budnick,B,25,68,43,111,563,134,13
1172,88637,1938,Ski Graham,B,26,50,31,81,568,124,7
1173,88637,1938,Bunny Almon,B,27,47,80,127,556,120,25
1174,88637,1938,Bert Chambers,B,24,57,42,99,570,126,16
1175,88637,1939,Mandy Budnick,B,26,68,43,111,551,136,12
1176,88637,1939,Ski Graham,B,27,50,31,81,548,120,8
1177,88637,1939,Duane Barr,B,26,54,68,122,553,121,30
1178,88637,1939,Ricardo Billings,B,21,31,36,67,567,115,12
1179,88637,1939,Jimmie Bird,B,21,44,38,82,568,123,9
1180,88637,1940,Mandy Budnick,B,27,68,43,111,562,132,12
1181,88637,1940,Ricardo Billings,B,22,34,41,75,562,116,13
1182,88637,1940,Ski Graham,B,28,50,31,81,573,125,9
1183,88637,1940,Duane Barr,B,27,54,68,122,565,121,32
1184,88637,1940,Taylor Beck,B,22,59,71,130,564,122,22
1185,88637,1941,Ricardo Billings,B,23,40,46,86,550,120,12
1186,88637,1941,Ski Graham,B,29,50,31,81,576,127,7
1187,88637,1941,Taylor Beck,B,23,59,74,133,551,138,24
1188,88637,1941,Mandy Budnick,B,28,68,43,111,565,138,13
1189,88637,1941,Kurt Fitzmorris,B,20,55,45,100,558,122,11
1190,88637,1942,Mandy Budnick,B,29,65,43,108,558,120,11
1191,88637,1942,Ricardo Billings,B,24,40,46,86,565,119,14
1192,88637,1942,Ski Graham,B,30,48,26,74,556,118,7
1193,88637,1942,Kurt Fitzmorris,B,21,64,48,112,557,120,20
1194,88637,1942,Shanty Galan,B,24,76,30,106,573,157,14
1195,88637,1943,Ricardo Billings,B,25,42,47,89,555,120,18
1196,88637,1943,Shanty Galan,B,25,76,30,106,557,152,11
1197,88637,1943,Ski Graham,B,31,46,18,64,559,122,5
1198,88637,1943,Mandy Budnick,B,30,65,42,107,558,136,16
1199,88637,1943,Denis Flack,B,18,57,63,120,554,120,27
1200,88637,1944,Ricardo Billings,B,26,42,47,89,562,116,10
1201,88637,1944,Ski Graham,B,32,35,16,51,564,115,6
1202,88637,1944,Denis Flack,B,19,58,76,134,561,122,30
1203,88637,1944,Val Hockett,B,21,57,37,94,564,121,15
1204,88637,1944,Kemp Burnette,B,25,30,46,76,561,114,11
1205,88637,1945,Ricardo Billings,B,27,42,47,89,560,120,12
1206,88637,1945,Ski Graham,B,33,34,8,42,555,116,2
1207,88637,1945,Val Hockett,B,22,62,42,104,571,131,23
1208,88637,1945,Denis Flack,B,20,69,76,145,565,148,25
1209,88637,1945,Corky Garver,B,19,76,67,143,570,153,26
1210,88637,1946,Ricardo Billings,B,28,42,47,89,562,118,17
1211,88637,1946,Ski Graham,B,34,31,0,31,559,118,0
1212,88637,1946,Corky Garver,B,20,76,68,144,573,151,15
1213,88637,1946,Deron Butler,B,24,75,50,125,557,154,18
1214,88637,1946,Pancho Burgmeier,B,18,35,76,111,563,119,29
1215,88637,1947,Deron Butler,B,25,77,50,127,566,177,22
1216,88637,1947,Pancho Burgmeier,B,19,47,77,124,557,117,26
1217,88637,1947,Ricardo Billings,B,29,39,47,86,558,119,11
1218,88637,1947,Ski Graham,B,35,31,0,31,560,114,0
1219,88637,1947,Corky Garver,B,21,78,74,152,576,145,16
1220,88637,1948,Deron Butler,B,26,77,50,127,563,153,16
1221,88637,1948,Ricardo Billings,B,30,39,43,82,562,121,10
1222,88637,1948,Ski Graham,B,36,12,0,12,581,111,0
1223,88637,1948,Corky Garver,B,22,84,78,162,549,152,25
1224,88637,1948,Liz Gromek,B,18,44,43,87,560,120,11
1225,88637,1949,Deron Butler,B,27,77,50,127,566,143,23
1226,88637,1949,Ricardo Billings,B,31,30,41,71,583,122,16
1227,88637,1949,Ski Graham,B,37,0,0,0,564,90,0
1228,88637,1949,Corky Garver,B,23,87,80,167,560,168,23
1229,88637,1949,Culley Breuer,B,18,38,49,87,571,122,14
1230,88637,1950,Deron Butler,B,28,77,50,127,568,144,23
1231,88637,1950,Ricardo Billings,B,32,28,35,63,572,116,11
1232,88637,1950,Ski Graham,B,38,0,0,0,566,90,0
1233,88637,1950,Corky Garver,B,24,91,83,174,556,184,38
1234,88637,1950,Tom Burgmeier,B,22,62,78,140,547,122,31
1235,88287,1900,Walker Cruz,B,26,66,56,122,558,125,22
1236,88287,1900,Patsy Pratt,B,32,71,39,110,569,140,13
1237,88287,1900,Orlando Caveney,B,23,56,61,117,562,123,24
1238,88287,1900,Thomas McKay,B,34,66,57,123,555,134,28
1239,88287,1900,Denver Phelps,B,27,59,38,97,572,123,7
1240,88287,1901,Orlando Caveney,B,24,57,61,118,558,121,23
1241,88287,1901,Walker Cruz,B,27,66,56,122,557,136,22
1242,88287,1901,Denver Phelps,B,28,59,38,97,558,120,14
1243,88287,1901,Brant Hopkins,B,18,69,49,118,572,124,20
1244,88287,1901,Parson Burroughs,B,25,38,39,77,564,115,11
1245,88287,1902,Denver Phelps,B,29,55,35,90,569,123,11
1246,88287,1902,Orlando Caveney,B,25,59,62,121,572,126,27
1247,88287,1902,Walker Cruz,B,28,66,56,122,559,134,28
1248,88287,1902,Brant Hopkins,B,19,73,52,125,561,136,14
1249,88287,1902,Burgess Hood,B,18,31,51,82,559,115,13
1250,88287,1903,Burgess Hood,B,19,41,63,104,560,120,20
1251,88287,1903,Orlando Caveney,B,26,59,62,121,567,142,24
1252,88287,1903,Brant Hopkins,B,20,80,52,132,555,155,22
1253,88287,1903,Spud Fick,B,19,47,53,100,569,124,18
1254,88287,1903,Birdie Burnette,B,23,37,52,89,564,116,18
1255,88287,1904,Brant Hopkins,B,21,89,58,147,570,186,26
1256,88287,1904,Burgess Hood,B,20,44,63,107,562,121,23
1257,88287,1904,Spud Fick,B,20,57,55,112,562,130,27
1258,88287,1904,Birdie Burnette,B,24,38,52,90,545,111,8
1259,88287,1904,Slick Cowan,B,20,80,55,135,566,190,25
1260,88287,1905,Burgess Hood,B,21,47,71,118,574,127,18
1261,88287,1905,Spud Fick,B,21,57,65,122,550,120,18
1262,88287,1905,Brant Hopkins,B,22,97,61,158,554,206,25
1263,88287,1905,Oliver Daubert,B,23,70,71,141,560,158,34
1264,88287,1905,Peaches Hartsfield,B,18,57,66,123,555,123,22
1265,88287,1906,Oliver Daubert,B,24,73,71,144,565,128,21
1266,88287,1906,Peaches Hartsfield,B,19,58,67,125,576,126,38
1267,88287,1906,Spud Fick,B,22,57,71,128,552,122,28
1268,88287,1906,Brant Hopkins,B,23,101,66,167,566,211,21
1269,88287,1906,Shanty Berra,B,25,38,66,104,561,116,30
1270,88287,1907,Peaches Hartsfield,B,20,63,67,130,565,120,30
1271,88287,1907,Shanty Berra,B,26,38,66,104,551,119,25
1272,88287,1907,Oliver Daubert,B,25,75,71,146,567,151,27
1273,88287,1907,Woodie Edwards,B,18,63,72,135,560,121,33
1274,88287,1907,Benn Holland,B,24,53,58,111,561,123,17
1275,88287,1908,Oliver Daubert,B,26,75,71,146,573,139,20
1276,88287,1908,Peaches Hartsfield,B,21,69,73,142,568,142,26
1277,88287,1908,Benn Holland,B,25,55,58,113,574,124,18
1278,88287,1908,Warren Hurst,B,21,42,47,89,567,123,19
1279,88287,1908,Sid Bahr,B,23,63,68,131,577,124,25
1280,88287,1909,Oliver Daubert,B,27,75,71,146,572,139,30
1281,88287,1909,Sid Bahr,B,24,67,70,137,571,121,27
1282,88287,1909,Benn Holland,B,26,55,58,113,579,126,16
1283,88287,1909,Ival Carroll,B,18,43,73,116,559,117,23
1284,88287,1909,Felix Byrne,B,19,74,33,107,575,151,15
1285,88287,1910,Felix Byrne,B,20,83,37,120,561,174,10
1286,88287,1910,Ival Carroll,B,19,53,77,130,560,135,23
1287,88287,1910,Benn Holland,B,27,55,58,113,564,122,18
1288,88287,1910,Marv Hurd,B,22,30,57,87,569,116,20
1289,88287,1910,Garth Ferraro,B,18,36,44,80,557,115,8
1290,88287,1911,Felix Byrne,B,21,93,41,134,562,186,15
1291,88287,1911,Ival Carroll,B,20,55,82,137,560,123,28
1292,88287,1911,Benn Holland,B,28,55,58,113,567,123,23
1293,88287,1911,Masanori Campaneris,B,20,76,65,141,558,144,18
1294,88287,1911,Reb Carpenter,B,23,74,42,116,569,166,13
1295,88287,1912,Ival Carroll,B,21,59,82,141,565,128,31
1296,88287,1912,Masanori Campaneris,B,21,78,75,153,563,147,30
1297,88287,1912,Felix Byrne,B,22,98,46,144,564,215,21
1298,88287,1912,Mickey Causey,B,22,30,57,87,563,113,13
1299,88287,1912,Smead Amaro,B,22,33,69,102,554,117,28
1300,88287,1913,Ival Carroll,B,22,64,89,153,566,138,27
1301,88287,1913,Mickey Causey,B,23,31,58,89,567,115,24
1302,88287,1913,Felix Byrne,B,23,100,49,149,561,195,15
1303,88287,1913,Goose Borgmann,B,21,39,41,80,567,116,16
1304,88287,1913,Del Bibby,B,20,62,49,111,566,128,14
1305,88287,1914,Felix Byrne,B,24,102,51,153,574,190,19
1306,88287,1914,Goose Borgmann,B,22,40,45,85,564,122,10
1307,88287,1914,Ival Carroll,B,23,64,92,156,559,141,19
1308,88287,1914,Mickey Causey,B,24,32,61,93,564,119,16
1309,88287,1914,Del Bibby,B,21,68,55,123,565,127,17
1310,88287,1915,Ival Carroll,B,24,67,94,161,572,153,31
1311,88287,1915,Mickey Causey,B,25,33,61,94,555,112,21
1312,88287,1915,Goose Borgmann,B,23,44,47,91,566,122,23
1313,88287,1915,Izzy Dropo,B,21,41,78,119,553,117,25
1314,88287,1915,Art Glaviano,B,24,60,61,121,560,135,21
1315,88287,1916,Ival Carroll,B,25,68,96,164,560,135,35
1316,88287,1916,Izzy Dropo,B,22,47,78,125,563,121,21
1317,88287,1916,Mickey Causey,B,26,33,61,94,563,118,21
1318,88287,1916,Goose Borgmann,B,24,45,49,94,559,117,13
1319,88287,1916,Fritz Barker,B,25,78,59,137,557,150,13
1320,88287,1917,Ival Carroll,B,26,68,96,164,561,127,42
1321,88287,1917,Mickey Causey,B,27,33,61,94,560,113,31
1322,88287,1917,Fritz Barker,B,26,78,59,137,554,154,24
1323,88287,1917,Delos Borgmann,B,24,66,57,123,559,139,23
1324,88287,1917,Will Adamson,B,21,68,61,129,579,147,12
1325,88287,1918,Ival Carroll,B,27,68,96,164,567,128,37
1326,88287,1918,Will Adamson,B,22,72,63,135,561,133,23
1327,88287,1918,Fritz Barker,B,27,78,59,137,550,158,23
1328,88287,1918,Len Broberg,B,22,62,69,131,556,140,20
1329,88287,1918,Otto Abreu,B,22,64,38,102,573,127,16
1330,88120,1900,Milt Sparma,B,25,62,56,118,569,129,23
1331,88120,1900,Blas Matlack,B,30,65,39,104,578,128,11
1332,88120,1900,Cactus Wilson,B,22,58,49,107,552,120,16
1333,88120,1900,Kent Kilduff,B,26,65,69,134,561,130,21
1334,88120,1900,Butch Grammas,B,20,58,79,137,565,130,26
1335,88120,1901,Butch Grammas,B,21,66,82,148,557,127,27
1336,88120,1901,Kent Kilduff,B,27,65,69,134,567,137,25
1337,88120,1901,Milt Sparma,B,26,62,56,118,572,123,14
1338,88120,1901,Blas Matlack,B,31,65,37,102,546,122,13
1339,88120,1901,Merle Brack,B,23,57,56,113,558,128,23
1340,88120,1902,Kent Kilduff,B,28,65,69,134,554,133,27
1341,88120,1902,Merle Brack,B,24,57,60,117,563,123,17
1342,88120,1902,Milt Sparma,B,27,62,56,118,565,146,19
1343,88120,1902,Blas Matlack,B,32,60,29,89,569,124,8
1344,88120,1902,Horacio Cuccurullo,B,19,53,43,96,568,123,13
1345,88120,1903,Merle Brack,B,25,58,61,119,558,122,22
1346,88120,1903,Milt Sparma,B,28,62,56,118,567,129,22
1347,88120,1903,Horacio Cuccurullo,B,20,61,47,108,567,137,22
1348,88120,1903,Otto Berg,B,25,53,30,83,564,121,11
1349,88120,1903,Si Easter,B,25,32,75,107,547,114,29
1350,88120,1904,Merle Brack,B,26,58,61,119,564,128,16
1351,88120,1904,Milt Sparma,B,29,62,56,118,576,129,24
1352,88120,1904,Horacio Cuccurullo,B,21,64,49,113,568,130,17
1353,88120,1904,Keith Francis,B,25,68,58,126,556,133,19
1354,88120,1904,Dom Harrelson,B,22,45,53,98,562,120,20
1355,88120,1905,Horacio Cuccurullo,B,22,64,49,113,554,134,26
1356,88120,1905,Keith Francis,B,26,68,58,126,559,135,23
1357,88120,1905,Milt Sparma,B,30,59,51,110,563,124,18
1358,88120,1905,Dom Harrelson,B,23,47,55,102,557,120,18
1359,88120,1905,Maury Burtschy,B,21,36,57,93,568,123,17
1360,88120,1906,Horacio Cuccurullo,B,23,69,55,124,556,142,28
1361,88120,1906,Keith Francis,B,27,68,58,126,569,128,25
1362,88120,1906,Milt Sparma,B,31,59,51,110,555,125,23
1363,88120,1906,Dom Harrelson,B,24,51,56,107,564,125,23
1364,88120,1906,Herb Bagby,B,19,47,79,126,560,123,19
1365,88120,1907,Herb Bagby,B,20,49,80,129,562,121,21
1366,88120,1907,Horacio Cuccurullo,B,24,69,56,125,555,126,19
1367,88120,1907,Milt Sparma,B,32,49,40,89,573,123,17
1368,88120,1907,Dom Harrelson,B,25,53,56,109,565,120,20
1369,88120,1907,Newt Grote,B,25,44,55,99,560,119,19
1370,88120,1908,Milt Sparma,B,33,42,40,82,549,119,11
1371,88120,1908,Newt Grote,B,26,44,55,99,574,126,21
1372,88120,1908,Horacio Cuccurullo,B,25,71,58,129,566,136,25
1373,88120,1908,Duffy Dempsey,B,19,39,80,119,572,120,33
1374,88120,1908,Goose Grover,B,23,33,38,71,559,121,13
1375,88120,1909,Horacio Cuccurullo,B,26,71,58,129,560,139,14
1376,88120,1909,Milt Sparma,B,34,31,26,57,568,115,12
1377,88120,1909,Duffy Dempsey,B,20,47,80,127,551,120,35
1378,88120,1909,Elbie Craft,B,21,64,53,117,571,151,20
1379,88120,1909,Early Baskette,B,21,60,69,129,569,123,31
1380,88120,1910,Early Baskette,B,22,62,71,133,555,121,25
1381,88120,1910,Horacio Cuccurullo,B,27,71,58,129,554,136,14
1382,88120,1910,Milt Sparma,B,35,31,11,42,558,114,0
1383,88120,1910,Duffy Dempsey,B,21,52,85,137,564,122,26
1384,88120,1910,Kevin Arlett,B,21,45,38,83,564,115,19
1385,88120,1911,Horacio Cuccurullo,B,28,71,58,129,561,128,20
1386,88120,1911,Kevin Arlett,B,22,53,45,98,565,126,17
1387,88120,1911,Duffy Dempsey,B,22,60,86,146,553,136,25
1388,88120,1911,Bump Clancy,B,25,55,36,91,544,120,10
1389,88120,1911,Lyman Ballou,B,19,42,38,80,554,119,15
1390,88120,1912,Duffy Dempsey,B,23,60,88,148,563,126,23
1391,88120,1912,Kevin Arlett,B,23,55,46,101,572,123,19
1392,88120,1912,Bump Clancy,B,26,55,36,91,564,121,13
1393,88120,1912,Connie Hartenstein,B,24,50,67,117,566,118,31
1394,88120,1912,Frankie Goliat,B,22,49,70,119,566,122,23
1395,88120,1913,Duffy Dempsey,B,24,62,88,150,561,122,32
1396,88120,1913,Kevin Arlett,B,24,56,47,103,574,125,11
1397,88120,1913,Bump Clancy,B,27,55,36,91,553,118,13
1398,88120,1913,Walt Hogan,B,23,44,61,105,563,121,22
1399,88120,1913,Marcel Freeman,B,22,36,57,93,560,114,17
1400,86322,1900,Darrel Lansing,B,29,55,59,114,568,123,17
1401,86322,1900,Grover Cronin,B,31,51,41,92,564,123,21
1402,86322,1900,Whitey Parnell,B,33,72,37,109,566,150,9
1403,86322,1900,Yogi Fisk,B,20,70,58,128,577,140,15
1404,86322,1900,George Hamilton,B,20,37,47,84,573,122,17
1405,86322,1901,Grover Cronin,B,32,42,37,79,570,119,17
1406,86322,1901,Whitey Parnell,B,34,67,29,96,562,151,6
1407,86322,1901,Yogi Fisk,B,21,70,68,138,567,139,18
1408,86322,1901,George Hamilton,B,21,37,56,93,568,115,15
1409,86322,1901,Rosy Ginsberg,B,20,41,32,73,569,122,13
1410,86322,1902,Grover Cronin,B,33,37,26,63,561,122,11
1411,86322,1902,Rosy Ginsberg,B,21,42,35,77,567,122,9
1412,86322,1902,Whitey Parnell,B,35,56,22,78,566,122,7
1413,86322,1902,George Hamilton,B,22,44,61,105,569,119,23
1414,86322,1902,Roberto Decker,B,18,35,53,88,548,117,17
1415,86322,1903,Grover Cronin,B,34,34,18,52,566,119,12
1416,86322,1903,Rosy Ginsberg,B,22,48,40,88,565,121,15
1417,86322,1903,Whitey Parnell,B,36,37,20,57,553,116,3
1418,86322,1903,George Hamilton,B,23,49,65,114,572,121,17
1419,86322,1903,Jimmie Ferguson,B,21,43,75,118,562,121,29
1420,86322,1904,Jimmie Ferguson,B,22,49,77,126,574,125,29
1421,86322,1904,Rosy Ginsberg,B,23,54,44,98,555,123,17
1422,86322,1904,George Hamilton,B,24,51,68,119,562,120,24
1423,86322,1904,Ken Blass,B,23,77,56,133,567,150,25
1424,86322,1904,Tommie Huntzinger,B,25,42,48,90,557,117,9
1425,86322,1905,Jimmie Ferguson,B,23,51,81,132,566,121,33
1426,86322,1905,Tommie Huntzinger,B,26,42,48,90,557,119,16
1427,86322,1905,George Hamilton,B,25,53,69,122,555,121,20
1428,86322,1905,Roman Drysdale,B,25,71,58,129,544,164,19
1429,86322,1905,Syl Fette,B,20,57,72,129,574,123,22
1430,86322,1906,Syl Fette,B,21,57,81,138,555,123,40
1431,86322,1906,Tommie Huntzinger,B,27,42,48,90,561,124,16
1432,86322,1906,Roman Drysdale,B,26,71,58,129,555,129,24
1433,86322,1906,Scipio Coscarart,B,22,48,65,113,571,122,24
1434,86322,1906,Ivy Ballou,B,22,52,47,99,560,125,20
1435,86322,1907,Roman Drysdale,B,27,71,58,129,568,126,22
1436,86322,1907,Syl Fette,B,22,64,82,146,557,124,33
1437,86322,1907,Ivy Ballou,B,23,53,52,105,560,125,17
1438,86322,1907,Kemp Agganis,B,18,76,57,133,558,169,21
1439,86322,1907,Wes Borowy,B,21,56,45,101,564,124,19
1440,86322,1908,Kemp Agganis,B,19,87,71,158,556,170,29
1441,86322,1908,Roman Drysdale,B,28,71,58,129,567,128,16
1442,86322,1908,Syl Fette,B,23,67,87,154,548,138,28
1443,86322,1908,Ivy Ballou,B,24,55,54,109,564,120,20
1444,86322,1908,Smead Hutchinson,B,19,52,57,109,568,124,20
1445,86322,1909,Kemp Agganis,B,20,98,80,178,567,207,21
1446,86322,1909,Roman Drysdale,B,29,66,58,124,574,124,16
1447,86322,1909,Smead Hutchinson,B,20,63,61,124,575,145,19
1448,86322,1909,Ivy Ballou,B,25,57,55,112,563,124,17
1449,86322,1909,Footsie Hartung,B,21,71,77,148,548,140,23
1450,86322,1910,Ivy Ballou,B,26,57,55,112,561,125,24
1451,86322,1910,Kemp Agganis,B,21,107,86,193,565,218,31
1452,86322,1910,Smead Hutchinson,B,21,71,70,141,583,142,28
1453,86322,1910,Footsie Hartung,B,22,73,85,158,566,140,30
1454,86322,1910,Hank Blatnik,B,25,57,62,119,562,120,32
1455,86322,1911,Ivy Ballou,B,27,57,55,112,550,122,14
1456,86322,1911,Kemp Agganis,B,22,112,92,204,562,215,30
1457,86322,1911,Smead Hutchinson,B,22,71,74,145,574,131,22
1458,86322,1911,Hank Blatnik,B,26,57,62,119,572,121,18
1459,86322,1911,Socks Cardenal,B,23,34,80,114,569,117,25
1460,86322,1912,Kemp Agganis,B,23,114,95,209,558,214,40
1461,86322,1912,Socks Cardenal,B,24,38,81,119,561,121,28
1462,86322,1912,Hank Blatnik,B,27,57,62,119,553,129,19
1463,86322,1912,Seth Forsch,B,22,32,54,86,564,113,23
1464,86322,1912,Rabbit Francis,B,25,53,74,127,566,118,34
1465,86322,1913,Rabbit Francis,B,26,53,74,127,555,121,24
1466,86322,1913,Socks Cardenal,B,25,38,82,120,576,119,37
1467,86322,1913,Hank Blatnik,B,28,57,62,119,571,123,25
1468,86322,1913,Peanuts Chaney,B,23,46,39,85,565,122,16
1469,86322,1913,Andre Friberg,B,25,70,69,139,563,129,28
1470,86322,1914,Rabbit Francis,B,27,53,74,127,566,122,29
1471,86322,1914,Socks Cardenal,B,26,38,82,120,564,120,30
1472,86322,1914,Hank Blatnik,B,29,52,61,113,560,124,23
1473,86322,1914,Damaso Becker,B,22,57,48,105,569,132,20
1474,86322,1914,Chubby Gutierrez,B,20,61,41,102,561,126,14
1475,86322,1915,Hank Blatnik,B,30,46,57,103,571,123,20
1476,86322,1915,Rabbit Francis,B,28,53,74,127,551,119,24
1477,86322,1915,Chubby Gutierrez,B,21,62,47,109,565,134,25
1478,86322,1915,Elbie Bartirome,B,21,34,74,108,572,116,20
1479,86322,1915,Cuckoo Fischer,B,18,69,54,123,566,149,19
1480,86322,1916,Elbie Bartirome,B,22,35,80,115,563,123,30
1481,86322,1916,Hank Blatnik,B,31,44,57,101,559,118,19
1482,86322,1916,Rabbit Francis,B,29,50,73,123,563,121,24
1483,86322,1916,Chubby Gutierrez,B,22,67,52,119,562,144,11
1484,86322,1916,Deron Gilbert,B,21,65,68,133,569,125,21
1485,86322,1917,Deron Gilbert,B,22,73,69,142,571,156,34
1486,86322,1917,Elbie Bartirome,B,23,41,86,127,568,123,26
1487,86322,1917,Chubby Gutierrez,B,23,68,54,122,549,120,20
1488,86322,1917,Luke Bartley,B,25,66,45,111,561,127,25
1489,86322,1917,Steve Fussell,B,19,44,47,91,558,120,25
1490,86322,1918,Luke Bartley,B,26,66,45,111,567,140,19
1491,86322,1918,Steve Fussell,B,20,51,56,107,565,122,16
1492,86322,1918,Deron Gilbert,B,23,73,75,148,561,146,36
1493,86322,1918,Gordie Goss,B,18,44,51,95,559,122,19
1494,86322,1918,Sheriff Bejma,B,18,45,54,99,566,121,18
1495,86322,1919,Luke Bartley,B,27,66,45,111,575,147,10
1496,86322,1919,Sheriff Bejma,B,19,57,65,122,570,122,24
1497,86322,1919,Gordie Goss,B,19,47,54,101,559,121,22
1498,86322,1919,Estel Hayden,B,20,65,70,135,573,134,20
1499,86322,1919,Moe Crouse,B,22,44,46,90,567,115,10
1500,86322,1920,Gordie Goss,B,20,53,64,117,558,121,23
1501,86322,1920,Luke Bartley,B,28,66,45,111,562,142,24
1502,86322,1920,Estel Hayden,B,21,72,76,148,561,154,28
1503,86322,1920,Cot Fletcher,B,24,40,76,116,580,121,29
1504,86322,1920,Curtis Corriden,B,21,69,70,139,568,134,21
1505,86322,1921,Estel Hayden,B,22,74,83,157,570,143,25
1506,86322,1921,Luke Bartley,B,29,65,42,107,572,123,13
1507,86322,1921,Cot Fletcher,B,25,40,78,118,557,119,20
1508,86322,1921,Jorge Hayes,B,22,52,76,128,570,126,30
1509,86322,1921,Sloppy Goldsmith,B,19,76,30,106,581,142,7
1510,86322,1922,Estel Hayden,B,23,77,89,166,552,155,32
1511,86322,1922,Jorge Hayes,B,23,58,78,136,567,122,29
1512,86322,1922,Sloppy Goldsmith,B,20,84,38,122,566,182,22
1513,86322,1922,Cot Fletcher,B,26,40,78,118,572,123,28
1514,86322,1922,Daryl Cronin,B,20,37,64,101,563,121,22
1515,86322,1923,Daryl Cronin,B,21,43,64,107,566,123,23
1516,86322,1923,Jorge Hayes,B,24,58,82,140,563,138,37
1517,86322,1923,Sloppy Goldsmith,B,21,86,38,124,570,168,18
1518,86322,1923,Cot Fletcher,B,27,40,78,118,566,122,29
1519,86322,1923,Earl Grieve,B,20,59,55,114,568,127,15
1520,86322,1924,Jorge Hayes,B,25,59,82,141,563,128,35
1521,86322,1924,Sloppy Goldsmith,B,22,89,40,129,573,183,11
1522,86322,1924,Cot Fletcher,B,28,40,78,118,567,122,25
1523,86322,1924,Bruce Grabarkewitz,B,23,45,77,122,559,122,27
1524,86322,1924,Bruno Donnelly,B,22,53,30,83,565,125,6
1525,86322,1925,Bruno Donnelly,B,23,53,33,86,559,129,12
1526,86322,1925,Cot Fletcher,B,29,37,73,110,563,121,31
1527,86322,1925,Bruce Grabarkewitz,B,24,48,78,126,562,120,27
1528,86322,1925,Specs Hammond,B,20,55,54,109,556,116,21
1529,86322,1925,Ernie Bahnsen,B,18,52,60,112,566,122,21
1530,86322,1926,Cot Fletcher,B,30,34,69,103,562,119,31
1531,86322,1926,Ernie Bahnsen,B,19,55,64,119,552,121,17
1532,86322,1926,Bruce Grabarkewitz,B,25,48,78,126,566,123,31
1533,86322,1926,Carroll Bahr,B,18,41,78,119,571,123,37
1534,86322,1926,Bull Charles,B,18,56,34,90,564,133,10
1535,86322,1927,Carroll Bahr,B,19,43,85,128,568,123,26
1536,86322,1927,Cot Fletcher,B,31,31,65,96,543,111,20
1537,86322,1927,Ernie Bahnsen,B,20,64,64,128,552,131,27
1538,86322,1927,Bruce Grabarkewitz,B,26,48,78,126,561,120,27
1539,86322,1927,Shanty Ceccarelli,B,18,32,34,66,567,121,10
1540,86322,1928,Cot Fletcher,B,32,31,64,95,567,117,30
1541,86322,1928,Ernie Bahnsen,B,21,68,72,140,562,145,18
1542,86322,1928,Bruce Grabarkewitz,B,27,48,78,126,560,121,35
1543,86322,1928,Mario Durham,B,21,77,48,125,568,163,18
1544,86322,1928,Firpo Arlin,B,18,48,61,109,564,114,14
1545,86322,1929,Ernie Bahnsen,B,22,68,79,147,559,149,25
1546,86322,1929,Firpo Arlin,B,19,54,68,122,559,125,17
1547,86322,1929,Mario Durham,B,22,85,53,138,551,164,18
1548,86322,1929,Cot Fletcher,B,33,31,55,86,572,118,18
1549,86322,1929,Brian Gabrielson,B,19,73,42,115,565,159,15
1550,86322,1930,Ernie Bahnsen,B,23,69,80,149,573,140,25
1551,86322,1930,Firpo Arlin,B,20,63,71,134,560,127,33
1552,86322,1930,Mario Durham,B,23,85,59,144,566,177,18
1553,86322,1930,Brian Gabrielson,B,20,73,51,124,570,159,20
1554,86322,1930,Sibby Hitchcock,B,21,54,44,98,553,121,17
1555,86322,1931,Ernie Bahnsen,B,24,73,80,153,572,156,24
1556,86322,1931,Mario Durham,B,24,86,62,148,565,147,22
1557,86322,1931,Brian Gabrielson,B,21,77,57,134,572,149,21
1558,86322,1931,Cy Barbee,B,18,76,55,131,591,140,19
1559,86322,1931,Chris Garrison,B,20,37,46,83,563,120,14
1560,86322,1932,Chris Garrison,B,21,43,50,93,560,121,18
1561,86322,1932,Cy Barbee,B,19,87,65,152,571,164,24
1562,86322,1932,Ernie Bahnsen,B,25,73,80,153,557,146,33
1563,86322,1932,Mario Durham,B,25,88,62,150,566,181,20
1564,86322,1932,Brian Gabrielson,B,22,81,61,142,568,160,29
1565,86322,1933,Cy Barbee,B,20,96,73,169,572,175,20
1566,86322,1933,Mario Durham,B,26,88,62,150,563,180,26
1567,86322,1933,Chris Garrison,B,22,45,53,98,565,124,13
1568,86322,1933,Mike Bates,B,25,57,56,113,554,124,23
1569,86322,1933,Brant Grimm,B,18,36,75,111,570,115,28
1570,86322,1934,Cy Barbee,B,21,96,75,171,553,193,20
1571,86322,1934,Mario Durham,B,27,88,62,150,566,178,23
1572,86322,1934,Mike Bates,B,26,57,56,113,564,121,29
1573,86322,1934,Brant Grimm,B,19,40,80,120,566,118,27
1574,86322,1934,Erv Haslin,B,23,55,79,134,561,121,35
1575,86322,1935,Erv Haslin,B,24,57,81,138,568,123,20
1576,86322,1935,Mario Durham,B,28,88,62,150,572,154,20
1577,86322,1935,Mike Bates,B,27,57,56,113,560,122,18
1578,86322,1935,Brant Grimm,B,20,41,81,122,566,117,27
1579,86322,1935,Reno Cooper,B,25,33,64,97,557,116,22
1580,86322,1936,Erv Haslin,B,25,57,82,139,573,127,34
1581,86322,1936,Mario Durham,B,29,88,57,145,569,160,23
1582,86322,1936,Reno Cooper,B,26,33,64,97,565,119,19
1583,86322,1936,Brant Grimm,B,21,50,86,136,567,125,33
1584,86322,1936,Pancho Hodapp,B,18,55,73,128,547,122,29
1585,86322,1937,Mario Durham,B,30,82,54,136,556,165,16
1586,86322,1937,Pancho Hodapp,B,19,58,83,141,562,123,22
1587,86322,1937,Reno Cooper,B,27,33,64,97,558,119,23
1588,86322,1937,Brant Grimm,B,22,56,87,143,556,119,24
1589,86322,1937,Gordy Fernandez,B,18,72,37,109,556,154,10
1590,86322,1938,Gordy Fernandez,B,19,73,37,110,561,131,11
1591,86322,1938,Mario Durham,B,31,78,46,124,558,144,21
1592,86322,1938,Reno Cooper,B,28,33,64,97,575,120,23
1593,86322,1938,Brant Grimm,B,23,59,89,148,574,125,29
1594,86322,1938,Pete Halt,B,21,49,55,104,564,116,17
1595,86322,1939,Gordy Fernandez,B,20,73,37,110,565,134,15
1596,86322,1939,Mario Durham,B,32,78,35,113,566,154,10
1597,86322,1939,Pete Halt,B,22,56,63,119,561,122,20
1598,86322,1939,Brant Grimm,B,24,61,91,152,559,120,34
1599,86322,1939,Spades Hartley,B,24,70,62,132,578,149,21
1600,86322,1940,Mario Durham,B,33,68,31,99,565,144,5
1601,86322,1940,Pete Halt,B,23,56,69,125,562,124,28
1602,86322,1940,Brant Grimm,B,25,63,93,156,566,130,25
1603,86322,1940,Kirby Acker,B,25,50,33,83,565,122,9
1604,86322,1940,Urbane Garrido,B,24,49,57,106,560,120,19
1605,86322,1941,Kirby Acker,B,26,50,33,83,557,120,14
1606,86322,1941,Mario Durham,B,34,55,31,86,556,123,14
1607,86322,1941,Pete Halt,B,24,58,69,127,567,125,30
1608,86322,1941,Urbane Garrido,B,25,49,58,107,562,124,20
1609,86322,1941,Brant Grimm,B,26,63,93,156,567,124,32
1610,86322,1942,Mario Durham,B,35,50,31,81,571,124,12
1611,86322,1942,Urbane Garrido,B,26,49,58,107,563,119,18
1612,86322,1942,Kirby Acker,B,27,50,33,83,570,121,10
1613,86322,1942,Scott DeBerry,B,22,39,43,82,570,117,18
1614,86322,1942,Lloyd Garver,B,22,41,49,90,578,118,19
1615,86322,1943,Lloyd Garver,B,23,44,51,95,565,120,21
1616,86322,1943,Mario Durham,B,36,33,17,50,571,119,6
1617,86322,1943,Urbane Garrido,B,27,49,58,107,572,123,21
1618,86322,1943,Kirby Acker,B,28,50,33,83,559,121,11
1619,86322,1943,Rich Alley,B,22,33,59,92,553,116,23
1620,86322,1944,Mario Durham,B,37,33,1,34,565,116,0
1621,86322,1944,Urbane Garrido,B,28,49,58,107,569,119,19
1622,86322,1944,Kirby Acker,B,29,45,33,78,554,122,13
1623,86322,1944,Topper Hooton,B,23,39,72,111,560,120,19
1624,86322,1944,Parson Boggs,B,20,43,74,117,560,118,28
1625,86322,1945,Mario Durham,B,38,25,0,25,557,113,0
1626,86322,1945,Topper Hooton,B,24,39,73,112,562,114,20
1627,86322,1945,Kirby Acker,B,30,39,33,72,572,122,12
1628,86322,1945,Mule Bottomley,B,22,73,44,117,564,143,15
1629,86322,1945,Angel Grilli,B,21,38,56,94,552,118,27
1630,86322,1946,Kirby Acker,B,31,39,25,64,556,113,7
1631,86322,1946,Mario Durham,B,39,18,0,18,546,111,0
1632,86322,1946,Mule Bottomley,B,23,76,46,122,556,159,12
1633,86322,1946,Topper Hooton,B,25,39,75,114,553,114,23
1634,86322,1946,Angel Grilli,B,22,38,58,96,556,117,27
1635,86322,1947,Mario Durham,B,40,1,0,1,551,90,0
1636,86322,1947,Mule Bottomley,B,24,77,48,125,566,165,23
1637,86322,1947,Topper Hooton,B,26,39,75,114,566,115,27
1638,86322,1947,Kirby Acker,B,32,29,16,45,568,115,8
1639,86322,1947,King Aparicio,B,25,70,59,129,566,148,25
1640,86322,1948,Kirby Acker,B,33,29,10,39,551,114,1
1641,86322,1948,Mario Durham,B,41,0,0,0,562,90,0
1642,86322,1948,Topper Hooton,B,27,39,75,114,564,116,30
1643,86322,1948,King Aparicio,B,26,70,59,129,560,143,19
1644,86322,1948,Fabian Hearn,B,19,50,44,94,558,119,12
1645,86322,1949,King Aparicio,B,27,70,59,129,562,132,19
1646,86322,1949,Kirby Acker,B,34,20,0,20,558,112,0
1647,86322,1949,Mario Durham,B,42,0,0,0,565,90,0
1648,86322,1949,Fabian Hearn,B,20,54,46,100,562,125,21
1649,86322,1949,Oral Chelini,B,21,54,50,104,569,126,16
1650,86322,1950,King Aparicio,B,28,70,59,129,553,139,25
1651,86322,1950,Mario Durham,B,43,0,0,0,560,90,0
1652,86322,1950,Oral Chelini,B,22,56,58,114,563,122,30
1653,86322,1950,Fabian Hearn,B,21,62,49,111,565,126,12
1654,86322,1950,Moe Hopp,B,24,65,38,103,563,135,16
1655,86322,1951,Mario Durham,B,44,0,0,0,572,90,0
1656,86322,1951,Moe Hopp,B,25,65,38,103,566,128,16
1657,86322,1951,Fabian Hearn,B,22,69,51,120,565,165,24
1658,86322,1951,Howie Goldstein,B,19,62,65,127,562,128,15
1659,86322,1951,Clayton Gilbert,B,24,46,53,99,555,119,16
1660,86322,1952,Howie Goldstein,B,20,62,65,127,567,133,22
1661,86322,1952,Moe Hopp,B,26,65,38,103,560,124,15
1662,86322,1952,Clayton Gilbert,B,25,46,54,100,573,123,18
1663,86322,1952,Lew Brandt,B,24,61,42,103,559,118,12
1664,86322,1952,Cesar Chambliss,B,25,77,72,149,549,152,25
1665,86322,1953,Lew Brandt,B,25,63,42,105,569,123,12
1666,86322,1953,Moe Hopp,B,27,65,38,103,550,134,9
1667,86322,1953,Howie Goldstein,B,21,68,71,139,569,143,25
1668,86322,1953,Butch Crone,B,18,69,32,101,564,146,12
1669,86322,1953,Bryan Grubb,B,23,55,59,114,550,118,18
1670,86322,1954,Howie Goldstein,B,22,73,79,152,562,148,26
1671,86322,1954,Moe Hopp,B,28,65,38,103,558,136,13
1672,86322,1954,Butch Crone,B,19,75,45,120,571,142,16
1673,86322,1954,Bennie Boyd,B,25,78,38,116,552,158,20
1674,86322,1954,Keith Boccabella,B,23,72,72,144,572,172,26
1675,86322,1955,Howie Goldstein,B,23,78,84,162,557,158,32
1676,86322,1955,Keith Boccabella,B,24,75,75,150,565,145,24
1677,86322,1955,Moe Hopp,B,29,65,35,100,573,140,10
1678,86322,1955,Bennie Boyd,B,26,78,38,116,551,151,13
1679,86322,1955,Bennie Aspromonte,B,22,74,58,132,554,145,25
1680,86322,1956,Howie Goldstein,B,24,79,84,163,572,185,20
1681,86322,1956,Keith Boccabella,B,25,76,75,151,565,148,25
1682,86322,1956,Moe Hopp,B,30,58,29,87,574,124,14
1683,86322,1956,Bennie Boyd,B,27,78,38,116,566,173,14
1684,86322,1956,Fritz Foxx,B,21,75,50,125,579,138,15
1685,86322,1957,Keith Boccabella,B,26,76,75,151,583,157,34
1686,86322,1957,Moe Hopp,B,31,52,27,79,563,124,12
1687,86322,1957,Howie Goldstein,B,25,80,85,165,572,165,24
1688,86322,1957,Duane Briggs,B,19,63,76,139,568,138,26
1689,86322,1957,Glenn Christman,B,24,61,44,105,558,123,16
1690,86322,1958,Glenn Christman,B,25,61,46,107,560,127,11
1691,86322,1958,Keith Boccabella,B,27,76,75,151,567,150,18
1692,86322,1958,Moe Hopp,B,32,41,22,63,571,123,9
1693,86322,1958,Duane Briggs,B,20,69,77,146,556,136,21
1694,86322,1958,Rene Gamble,B,18,48,73,121,558,120,28
1695,86322,1959,Keith Boccabella,B,28,76,75,151,549,161,23
1696,86322,1959,Moe Hopp,B,33,38,16,54,571,117,6
1697,86322,1959,Rene Gamble,B,19,57,76,133,569,122,35
1698,86322,1959,Duane Briggs,B,21,74,80,154,562,145,16
1699,86322,1959,Normie Behan,B,22,56,66,122,561,122,19
1700,86322,1960,Keith Boccabella,B,29,74,70,144,565,136,19
1701,86322,1960,Moe Hopp,B,34,32,9,41,556,115,2
1702,86322,1960,Normie Behan,B,23,59,72,131,547,123,22
1703,86322,1960,Rene Gamble,B,20,66,77,143,565,132,23
1704,86322,1960,Duane Briggs,B,22,76,88,164,562,147,28
1705,86322,1961,Normie Behan,B,24,62,73,135,563,123,19
1706,86322,1961,Rene Gamble,B,21,72,81,153,570,146,31
1707,86322,1961,Keith Boccabella,B,30,73,68,141,561,150,22
1708,86322,1961,Rennie Garagiola,B,19,76,71,147,555,153,24
1709,86322,1961,Hoot Bertaina,B,19,34,42,76,565,114,21
1710,86322,1962,Keith Boccabella,B,31,66,66,132,558,132,14
1711,86322,1962,Normie Behan,B,25,64,73,137,562,128,24
1712,86322,1962,Rene Gamble,B,22,79,84,163,560,168,37
1713,86322,1962,Rennie Garagiola,B,20,87,73,160,571,184,24
1714,86322,1962,Hoot Bertaina,B,20,45,48,93,564,122,14
1715,86322,1963,Keith Boccabella,B,32,66,56,122,550,119,20
1716,86322,1963,Normie Behan,B,26,64,73,137,571,141,22
1717,86322,1963,Rennie Garagiola,B,21,93,74,167,562,198,27
1718,86322,1963,Hoot Bertaina,B,21,54,58,112,571,127,14
1719,86322,1963,Walter Francis,B,21,35,80,115,564,116,38
1720,86322,1964,Keith Boccabella,B,33,55,54,109,562,123,21
1721,86322,1964,Rennie Garagiola,B,22,94,77,171,559,188,30
1722,86322,1964,Walter Francis,B,22,36,84,120,568,123,40
1723,86322,1964,Hoot Bertaina,B,22,59,59,118,562,124,21
1724,86322,1964,Pretzel Hutchinson,B,19,37,80,117,557,114,29
1725,86322,1965,Keith Boccabella,B,34,42,43,85,567,121,19
1726,86322,1965,Pretzel Hutchinson,B,20,39,90,129,564,117,35
1727,86322,1965,Rennie Garagiola,B,23,100,82,182,565,198,25
1728,86322,1965,Walter Francis,B,23,38,84,122,544,116,32
1729,86322,1965,Hoot Bertaina,B,23,62,59,121,545,122,23
1730,86322,1966,Pretzel Hutchinson,B,21,46,98,144,565,118,41
1731,86322,1966,Rennie Garagiola,B,24,100,82,182,578,189,17
1732,86322,1966,Walter Francis,B,24,39,85,124,558,118,28
1733,86322,1966,Keith Boccabella,B,35,33,42,75,561,115,17
1734,86322,1966,Dazzy Hepler,B,20,32,40,72,571,120,19
1735,86322,1967,Keith Boccabella,B,36,27,32,59,552,112,12
1736,86322,1967,Rennie Garagiola,B,25,102,83,185,565,189,31
1737,86322,1967,Walter Francis,B,25,40,87,127,557,120,36
1738,86322,1967,Dazzy Hepler,B,21,34,49,83,564,114,15
1739,86322,1967,Marcel Dauss,B,23,61,76,137,569,123,18
