,Sim_ID,Season,Name,Pos,Age,Stamina,Stuff,Total,W,L
0,87627,1900,Dazzy Travis,P,20,41,48,89,5,8
1,87627,1900,Dal Hartung,P,24,51,37,88,7,10
2,87627,1900,Norman Bruce,P,27,71,66,137,13,7
3,87627,1900,Shanty Donaldson,P,25,71,57,128,16,4
4,87627,1901,Shanty Donaldson,P,26,71,57,128,7,6
5,87627,1901,Dal Hartung,P,25,51,37,88,4,15
6,87627,1901,Norman Bruce,P,28,71,66,137,10,9
7,87627,1901,Mudcat Glazner,P,23,80,37,117,6,15
8,87627,1902,Norman Bruce,P,29,71,66,137,9,10
9,87627,1902,Shanty Donaldson,P,27,71,57,128,13,9
10,87627,1902,Mudcat Glazner,P,24,84,41,125,7,18
11,87627,1902,Santiago Gotay,P,18,57,30,87,4,16
12,87627,1903,Shanty Donaldson,P,28,71,57,128,10,13
13,87627,1903,Norman Bruce,P,30,71,65,136,14,7
14,87627,1903,Santiago Gotay,P,19,66,42,108,8,7
15,87627,1903,Orval Baird,P,24,67,64,131,11,6
16,87627,1904,Santiago Gotay,P,20,70,42,112,7,15
17,87627,1904,Norman Bruce,P,31,62,61,123,14,3
18,87627,1904,Orval Baird,P,25,67,64,131,11,15
19,87627,1904,Kerby Francis,P,20,38,31,69,4,10
20,87627,1905,Orval Baird,P,26,67,64,131,11,9
21,87627,1905,Santiago Gotay,P,21,80,44,124,12,15
22,87627,1905,Kerby Francis,P,21,39,37,76,4,14
23,87627,1905,Culley Cimino,P,23,58,33,91,2,16
24,87627,1906,Kerby Francis,P,22,39,37,76,4,6
25,87627,1906,Orval Baird,P,27,67,64,131,14,5
26,87627,1906,Santiago Gotay,P,22,83,51,134,15,13
27,87627,1906,Culley Cimino,P,24,59,33,92,8,10
28,87627,1907,Santiago Gotay,P,23,87,56,143,11,17
29,87627,1907,Culley Cimino,P,25,59,33,92,4,11
30,87627,1907,Orval Baird,P,28,67,64,131,9,9
31,87627,1907,Brian Gleeson,P,23,32,58,90,4,8
32,87627,1908,Orval Baird,P,29,65,62,127,8,12
33,87627,1908,Brian Gleeson,P,24,36,58,94,5,7
34,87627,1908,Culley Cimino,P,26,59,33,92,2,13
35,87627,1908,Jakie Holtzman,P,21,80,53,133,9,17
36,87627,1909,Orval Baird,P,30,65,62,127,10,10
37,87627,1909,Brian Gleeson,P,25,36,58,94,4,7
38,87627,1909,Jakie Holtzman,P,22,85,57,142,11,11
39,87627,1909,Steve Allie,P,22,45,71,116,8,5
40,87627,1910,Orval Baird,P,31,57,61,118,9,8
41,87627,1910,Steve Allie,P,23,50,74,124,15,1
42,87627,1910,Brian Gleeson,P,26,36,58,94,6,7
43,87627,1910,Catfish Blaeholder,P,21,55,79,134,10,4
44,87627,1911,Orval Baird,P,32,53,53,106,5,11
45,87627,1911,Steve Allie,P,24,52,78,130,9,4
46,87627,1911,Brian Gleeson,P,27,36,58,94,4,7
47,87627,1911,Ruben Hassler,P,22,32,70,102,7,5
48,87627,1912,Steve Allie,P,25,52,78,130,9,4
49,87627,1912,Brian Gleeson,P,28,36,58,94,8,10
50,87627,1912,Ruben Hassler,P,23,33,74,107,8,2
51,87627,1912,Emmett Fullis,P,20,50,42,92,5,10
52,87627,1913,Steve Allie,P,26,52,78,130,14,2
53,87627,1913,Emmett Fullis,P,21,57,51,108,13,8
54,87627,1913,Ruben Hassler,P,24,35,75,110,5,9
55,87627,1913,Deacon Byrne,P,20,55,58,113,11,7
56,87627,1914,Ruben Hassler,P,25,35,75,110,6,6
57,87627,1914,Steve Allie,P,27,52,78,130,6,8
58,87627,1914,Deacon Byrne,P,21,57,66,123,7,8
59,87627,1914,Rene Carnett,P,25,68,38,106,8,9
60,87627,1915,Ruben Hassler,P,26,35,75,110,6,6
61,87627,1915,Steve Allie,P,28,52,78,130,11,4
62,87627,1915,Deacon Byrne,P,22,58,66,124,13,8
63,87627,1915,Rene Carnett,P,26,68,38,106,7,11
64,87627,1916,Rene Carnett,P,27,68,38,106,8,9
65,87627,1916,Steve Allie,P,29,52,77,129,10,6
66,87627,1916,Deacon Byrne,P,23,64,66,130,6,9
67,87627,1916,Rowland Dailey,P,23,52,41,93,1,10
68,87627,1917,Steve Allie,P,30,47,74,121,13,3
69,87627,1917,Deacon Byrne,P,24,65,69,134,10,9
70,87627,1917,Rowland Dailey,P,24,53,43,96,6,11
71,87627,1917,Claudell Drysdale,P,23,79,62,141,8,10
72,87627,1918,Deacon Byrne,P,25,65,69,134,10,10
73,87627,1918,Rowland Dailey,P,25,53,43,96,4,9
74,87627,1918,Claudell Drysdale,P,24,82,64,146,9,12
75,87627,1918,Georges Hale,P,22,59,38,97,7,15
76,87627,1919,Rowland Dailey,P,26,53,43,96,3,14
77,87627,1919,Claudell Drysdale,P,25,82,64,146,12,13
78,87627,1919,Deacon Byrne,P,26,65,69,134,6,8
79,87627,1919,Skip Brand,P,24,41,67,108,11,7
80,87627,1920,Deacon Byrne,P,27,65,69,134,16,5
81,87627,1920,Skip Brand,P,25,41,67,108,8,9
82,87627,1920,Claudell Drysdale,P,26,82,64,146,9,12
83,87627,1920,Marty Fosse,P,23,54,67,121,11,7
84,87627,1921,Deacon Byrne,P,28,65,69,134,7,8
85,87627,1921,Marty Fosse,P,24,56,70,126,6,5
86,87627,1921,Skip Brand,P,26,41,67,108,9,6
87,87627,1921,Claudell Drysdale,P,27,82,64,146,16,11
88,87627,1922,Deacon Byrne,P,29,64,67,131,8,6
89,87627,1922,Marty Fosse,P,25,56,70,126,6,9
90,87627,1922,Claudell Drysdale,P,28,82,64,146,12,16
91,87627,1922,Jesus Bouchee,P,19,66,69,135,7,11
92,87627,1923,Jesus Bouchee,P,20,77,77,154,14,9
93,87627,1923,Marty Fosse,P,26,56,70,126,7,7
94,87627,1923,Claudell Drysdale,P,29,79,59,138,16,6
95,87627,1923,Tito Casale,P,19,69,73,142,10,11
96,87627,1924,Tito Casale,P,20,73,78,151,14,6
97,87627,1924,Jesus Bouchee,P,21,83,85,168,20,8
98,87627,1924,Marty Fosse,P,27,56,70,126,9,10
99,87627,1924,Pol Creel,P,21,52,47,99,5,10
100,87627,1925,Tito Casale,P,21,83,84,167,14,4
101,87627,1925,Jesus Bouchee,P,22,91,87,178,25,4
102,87627,1925,Pol Creel,P,22,59,50,109,11,11
103,87627,1925,Spades Hahn,P,18,34,68,102,11,6
104,87627,1926,Spades Hahn,P,19,39,77,116,7,3
105,87627,1926,Jesus Bouchee,P,23,97,89,186,23,5
106,87627,1926,Pol Creel,P,23,62,56,118,5,10
107,87627,1926,Seth Adamson,P,25,64,65,129,8,9
108,87627,1927,Spades Hahn,P,20,49,78,127,8,7
109,87627,1927,Pol Creel,P,24,66,58,124,8,7
110,87627,1927,Seth Adamson,P,26,64,65,129,13,7
111,87627,1927,Rex Cabell,P,23,53,79,132,12,3
112,87627,1928,Seth Adamson,P,27,64,65,129,11,3
113,87627,1928,Spades Hahn,P,21,52,88,140,10,6
114,87627,1928,Rex Cabell,P,24,55,80,135,12,4
115,87627,1928,Walt Graham,P,24,52,36,88,0,14
116,87627,1929,Walt Graham,P,25,52,36,88,3,11
117,87627,1929,Rex Cabell,P,25,55,80,135,8,6
118,87627,1929,Spades Hahn,P,22,55,89,144,9,3
119,87627,1929,Eddie Herman,P,23,41,75,116,7,8
120,87627,1930,Walt Graham,P,26,52,36,88,5,12
121,87627,1930,Rex Cabell,P,26,55,80,135,11,4
122,87627,1930,Spades Hahn,P,23,57,91,148,12,6
123,87627,1930,Pinky Buford,P,22,46,57,103,9,7
124,87627,1931,Rex Cabell,P,27,55,80,135,15,6
125,87627,1931,Walt Graham,P,27,52,36,88,3,13
126,87627,1931,Pinky Buford,P,23,48,59,107,7,5
127,87627,1931,Kevin Greengrass,P,25,66,57,123,10,7
128,87627,1932,Rex Cabell,P,28,55,80,135,11,2
129,87627,1932,Walt Graham,P,28,52,36,88,5,9
130,87627,1932,Kevin Greengrass,P,26,66,57,123,9,9
131,87627,1932,Johnny Hoover,P,22,64,77,141,15,7
132,87627,1933,Rex Cabell,P,29,54,77,131,12,3
133,87627,1933,Walt Graham,P,29,51,36,87,3,13
134,87627,1933,Johnny Hoover,P,23,69,81,150,11,2
135,87627,1933,Kevin Greengrass,P,27,66,57,123,7,11
136,87627,1934,Rex Cabell,P,30,53,71,124,7,7
137,87627,1934,Walt Graham,P,30,51,34,85,1,13
138,87627,1934,Johnny Hoover,P,24,73,82,155,14,7
139,87627,1934,Kevin Greengrass,P,28,66,57,123,12,9
140,87627,1935,Kevin Greengrass,P,29,62,52,114,7,13
141,87627,1935,Rex Cabell,P,31,48,64,112,11,7
142,87627,1935,Walt Graham,P,31,48,27,75,5,10
143,87627,1935,Johnny Hoover,P,25,73,82,155,16,5
144,87627,1936,Kevin Greengrass,P,30,55,45,100,2,12
145,87627,1936,Rex Cabell,P,32,47,60,107,7,13
146,87627,1936,Johnny Hoover,P,26,73,82,155,16,3
147,87627,1936,Euel Dobernic,P,19,40,68,108,8,4
148,87627,1937,Rex Cabell,P,33,44,50,94,3,13
149,87627,1937,Euel Dobernic,P,20,45,76,121,8,5
150,87627,1937,Johnny Hoover,P,27,73,82,155,16,5
151,87627,1937,Derrel Horstmann,P,21,43,75,118,9,10
152,87627,1938,Rex Cabell,P,34,32,43,75,6,4
153,87627,1938,Derrel Horstmann,P,22,51,81,132,9,6
154,87627,1938,Johnny Hoover,P,28,73,82,155,20,4
155,87627,1938,Frenchy Bedient,P,21,34,59,93,5,4
156,87627,1939,Rex Cabell,P,35,31,39,70,4,9
157,87627,1939,Derrel Horstmann,P,23,54,83,137,14,1
158,87627,1939,Frenchy Bedient,P,22,42,62,104,7,4
159,87627,1939,Curtis Arnovich,P,19,76,73,149,16,9
160,87627,1940,Derrel Horstmann,P,24,56,85,141,7,4
161,87627,1940,Rex Cabell,P,36,13,29,42,0,2
162,87627,1940,Curtis Arnovich,P,20,81,73,154,12,5
163,87627,1940,Ernie Henshaw,P,22,53,58,111,5,11
164,87627,1941,Ernie Henshaw,P,23,55,63,118,6,6
165,87627,1941,Rex Cabell,P,37,5,15,20,2,6
166,87627,1941,Curtis Arnovich,P,21,87,75,162,16,5
167,87627,1941,Chip Dorish,P,24,62,55,117,11,11
168,87627,1942,Ernie Henshaw,P,24,59,63,122,5,12
169,87627,1942,Rex Cabell,P,38,0,7,7,0,3
170,87627,1942,Chip Dorish,P,25,62,55,117,3,14
171,87627,1942,Curtis Arnovich,P,22,90,80,170,19,7
172,87627,1943,Rex Cabell,P,39,0,0,0,0,5
173,87627,1943,Chip Dorish,P,26,62,55,117,10,5
174,87627,1943,Curtis Arnovich,P,23,92,82,174,20,8
175,87627,1943,Marsh Clemens,P,25,72,57,129,13,2
176,87627,1944,Marsh Clemens,P,26,72,57,129,9,9
177,87627,1944,Rex Cabell,P,40,0,0,0,0,6
178,87627,1944,Chip Dorish,P,27,62,55,117,7,11
179,87627,1944,Lonny Arft,P,23,49,53,102,11,7
180,87627,1945,Marsh Clemens,P,27,72,57,129,9,8
181,87627,1945,Rex Cabell,P,41,0,0,0,0,5
182,87627,1945,Chip Dorish,P,28,62,55,117,8,6
183,87627,1945,Sam Baumann,P,18,62,48,110,7,15
184,87627,1946,Marsh Clemens,P,28,72,57,129,9,8
185,87627,1946,Sam Baumann,P,19,63,53,116,6,11
186,87627,1946,Chip Dorish,P,29,61,54,115,10,8
187,87627,1946,Cap Case,P,18,32,42,74,2,8
188,87627,1947,Marsh Clemens,P,29,68,56,124,4,16
189,87627,1947,Sam Baumann,P,20,71,63,134,10,15
190,87627,1947,Cap Case,P,19,46,44,90,11,8
191,87627,1947,Chip Dorish,P,30,58,50,108,8,16
192,87627,1948,Chip Dorish,P,31,57,47,104,9,10
193,87627,1948,Sam Baumann,P,21,76,68,144,12,9
194,87627,1948,Cap Case,P,20,54,52,106,7,11
195,87627,1948,Dennis Gettel,P,20,45,43,88,6,4
196,87627,1949,Chip Dorish,P,32,54,37,91,5,11
197,87627,1949,Dennis Gettel,P,21,54,49,103,4,12
198,87627,1949,Sam Baumann,P,22,78,68,146,19,6
199,87627,1949,Cap Case,P,21,55,53,108,11,7
200,87627,1950,Dennis Gettel,P,22,58,50,108,6,11
201,87627,1950,Cap Case,P,22,62,59,121,7,8
202,87627,1950,Chip Dorish,P,33,47,28,75,5,11
203,87627,1950,Wally Hobbie,P,21,59,40,99,6,10
204,87627,1951,Dennis Gettel,P,23,59,55,114,4,7
205,87627,1951,Wally Hobbie,P,22,63,45,108,3,10
206,87627,1951,Cap Case,P,23,68,61,129,11,10
207,87627,1951,Dominic Heusser,P,20,67,51,118,8,12
208,87627,1952,Dennis Gettel,P,24,60,57,117,11,4
209,87627,1952,Dominic Heusser,P,21,71,56,127,14,9
210,87627,1952,Cap Case,P,24,71,64,135,10,9
211,87627,1952,Matt Alomar,P,19,34,43,77,4,14
212,87627,1953,Dominic Heusser,P,22,76,58,134,17,6
213,87627,1953,Cap Case,P,25,71,64,135,12,5
214,87627,1953,Dennis Gettel,P,25,60,57,117,5,10
215,87627,1953,Cisco Holshouser,P,25,36,58,94,4,5
216,87627,1954,Dennis Gettel,P,26,60,57,117,12,7
217,87627,1954,Dominic Heusser,P,23,77,59,136,12,9
218,87627,1954,Cap Case,P,26,71,64,135,10,7
219,87627,1954,Hersh Cramer,P,22,51,36,87,3,14
220,87627,1955,Dennis Gettel,P,27,60,57,117,8,10
221,87627,1955,Dominic Heusser,P,24,78,60,138,7,17
222,87627,1955,Cap Case,P,27,71,64,135,10,12
223,87627,1955,Max Cleveland,P,22,69,68,137,9,11
224,87627,1956,Dominic Heusser,P,25,78,60,138,15,10
225,87627,1956,Max Cleveland,P,23,75,74,149,14,6
226,87627,1956,Cap Case,P,28,71,64,135,9,13
227,87627,1956,Leo Grim,P,19,69,43,112,5,17
228,87627,1957,Max Cleveland,P,24,78,74,152,15,10
229,87627,1957,Cap Case,P,29,68,63,131,12,6
230,87627,1957,Leo Grim,P,20,77,54,131,5,14
231,87627,1957,Abe Foytack,P,22,46,50,96,10,9
232,87627,1958,Leo Grim,P,21,85,56,141,9,11
233,87627,1958,Max Cleveland,P,25,78,74,152,9,13
234,87627,1958,Abe Foytack,P,23,46,56,102,6,12
235,87627,1958,Arky Cullenbine,P,23,49,78,127,11,3
236,87627,1959,Arky Cullenbine,P,24,53,82,135,10,5
237,87627,1959,Max Cleveland,P,26,78,74,152,13,9
238,87627,1959,Abe Foytack,P,24,46,56,102,7,6
239,87627,1959,Luke DeMaestri,P,20,49,56,105,8,10
240,87627,1960,Max Cleveland,P,27,78,74,152,13,9
241,87627,1960,Arky Cullenbine,P,25,53,82,135,5,13
242,87627,1960,Luke DeMaestri,P,21,49,65,114,5,7
243,87627,1960,Vean Arntzen,P,25,47,73,120,10,5
244,87627,1961,Max Cleveland,P,28,78,74,152,18,6
245,87627,1961,Vean Arntzen,P,26,47,73,120,10,6
246,87627,1961,Luke DeMaestri,P,22,57,73,130,12,6
247,87627,1961,Ival Beckert,P,18,40,45,85,2,9
248,87627,1962,Luke DeMaestri,P,23,60,79,139,10,1
249,87627,1962,Max Cleveland,P,29,76,70,146,9,13
250,87627,1962,Vean Arntzen,P,27,47,73,120,10,5
251,87627,1962,Ival Beckert,P,19,44,45,89,4,6
252,87627,1963,Max Cleveland,P,30,76,70,146,12,4
253,87627,1963,Vean Arntzen,P,28,47,73,120,9,5
254,87627,1963,Luke DeMaestri,P,24,60,80,140,12,4
255,87627,1963,Garry Crosby,P,19,75,67,142,20,5
256,87627,1964,Max Cleveland,P,31,68,66,134,16,6
257,87627,1964,Garry Crosby,P,20,81,70,151,17,8
258,87627,1964,Luke DeMaestri,P,25,60,80,140,16,6
259,87627,1964,Les Chipman,P,24,31,74,105,5,3
260,87627,1965,Max Cleveland,P,32,62,58,120,7,10
261,87627,1965,Garry Crosby,P,21,90,80,170,24,5
262,87627,1965,Luke DeMaestri,P,26,60,80,140,14,5
263,87627,1965,Mace Bertoia,P,20,53,61,114,11,5
264,87627,1966,Mace Bertoia,P,21,59,65,124,9,9
265,87627,1966,Max Cleveland,P,33,61,45,106,5,15
266,87627,1966,Garry Crosby,P,22,92,80,172,13,12
267,87627,1966,Faye Culberson,P,19,70,67,137,12,10
268,87627,1967,Max Cleveland,P,34,47,43,90,4,11
269,87627,1967,Faye Culberson,P,20,81,73,154,15,6
270,87627,1967,Mace Bertoia,P,22,60,72,132,11,7
271,87627,1967,Ford Hickey,P,19,68,61,129,10,7
272,87627,1968,Mace Bertoia,P,23,64,75,139,10,9
273,87627,1968,Max Cleveland,P,35,42,42,84,2,7
274,87627,1968,Ford Hickey,P,20,79,69,148,11,8
275,87627,1968,Rowland Buckner,P,22,43,66,109,9,9
276,87627,1969,Mace Bertoia,P,24,68,77,145,14,7
277,87627,1969,Rowland Buckner,P,23,43,66,109,1,9
278,87627,1969,Ford Hickey,P,21,86,73,159,16,10
279,87627,1969,Zeb Bottomley,P,25,71,80,151,19,6
280,87627,1970,Zeb Bottomley,P,26,71,80,151,14,9
281,87627,1970,Ford Hickey,P,22,88,81,169,22,5
282,87627,1970,Rowland Buckner,P,24,45,70,115,5,9
283,87627,1970,Russ Campanella,P,22,36,36,72,4,8
284,87627,1971,Russ Campanella,P,23,36,38,74,3,9
285,87627,1971,Zeb Bottomley,P,27,71,80,151,15,4
286,87627,1971,Ford Hickey,P,23,89,83,172,19,6
287,87627,1971,Rowland Buckner,P,25,45,70,115,8,3
288,87627,1972,Zeb Bottomley,P,28,71,80,151,22,3
289,87627,1972,Rowland Buckner,P,26,45,70,115,9,8
290,87627,1972,Russ Campanella,P,24,36,39,75,5,12
291,87627,1972,Merle Hartnett,P,21,30,69,99,5,4
292,87627,1973,Merle Hartnett,P,22,35,74,109,5,7
293,87627,1973,Rowland Buckner,P,27,45,70,115,4,5
294,87627,1973,Russ Campanella,P,25,36,39,75,5,8
295,87627,1973,Walter Buckeye,P,18,46,58,104,3,12
296,87627,1974,Walter Buckeye,P,19,56,68,124,10,9
297,87627,1974,Rowland Buckner,P,28,45,70,115,12,3
298,87627,1974,Russ Campanella,P,26,36,39,75,3,8
299,87627,1974,Brad Coscarart,P,18,63,38,101,5,13
300,87627,1975,Brad Coscarart,P,19,69,52,121,9,6
301,87627,1975,Russ Campanella,P,27,36,39,75,4,6
302,87627,1975,Walter Buckeye,P,20,60,68,128,10,8
303,87627,1975,Doc Hermanski,P,25,37,73,110,8,7
304,87627,1976,Doc Hermanski,P,26,37,73,110,6,8
305,87627,1976,Russ Campanella,P,28,36,39,75,2,7
306,87627,1976,Brad Coscarart,P,20,77,55,132,10,10
307,87627,1976,Goldie Baumgartner,P,20,64,53,117,13,8
308,87627,1977,Goldie Baumgartner,P,21,66,60,126,11,11
309,87627,1977,Brad Coscarart,P,21,87,59,146,13,12
310,87627,1977,Doc Hermanski,P,27,37,73,110,6,6
311,87627,1977,Nanny Holloman,P,24,60,80,140,9,10
312,87627,1978,Nanny Holloman,P,25,60,80,140,13,5
313,87627,1978,Brad Coscarart,P,22,93,66,159,17,11
314,87627,1978,Goldie Baumgartner,P,22,70,64,134,3,15
315,87627,1978,Dolf Bibby,P,23,69,38,107,7,15
316,87627,1979,Nanny Holloman,P,26,60,80,140,12,4
317,87627,1979,Brad Coscarart,P,23,99,67,166,9,17
318,87627,1979,Dolf Bibby,P,24,70,39,109,4,15
319,87627,1979,Dal Benton,P,19,74,65,139,13,7
320,87627,1980,Nanny Holloman,P,27,60,80,140,13,5
321,87627,1980,Brad Coscarart,P,24,100,70,170,17,11
322,87627,1980,Dolf Bibby,P,25,70,39,109,7,18
323,87627,1980,Zinn Hunt,P,21,36,32,68,2,9
324,87627,1981,Nanny Holloman,P,28,60,80,140,14,5
325,87627,1981,Zinn Hunt,P,22,41,40,81,3,11
326,87627,1981,Brad Coscarart,P,25,100,70,170,10,10
327,87627,1981,Dolf Bibby,P,26,70,39,109,10,10
328,87627,1982,Zinn Hunt,P,23,47,46,93,6,9
329,87627,1982,Dolf Bibby,P,27,70,39,109,6,14
330,87627,1982,Nanny Holloman,P,29,58,76,134,9,7
331,87627,1982,Watty Cain,P,18,47,37,84,1,12
332,87627,1983,Nanny Holloman,P,30,53,73,126,8,7
333,87627,1983,Watty Cain,P,19,47,49,96,9,9
334,87627,1983,Zinn Hunt,P,24,49,49,98,6,11
335,87627,1983,Dolf Bibby,P,28,70,39,109,8,15
336,87627,1984,Zinn Hunt,P,25,49,49,98,10,8
337,87627,1984,Dolf Bibby,P,29,66,35,101,7,12
338,87627,1984,Watty Cain,P,20,52,55,107,8,5
339,87627,1984,Dizzy Dent,P,25,75,36,111,4,20
340,87627,1985,Zinn Hunt,P,26,49,49,98,6,12
341,87627,1985,Dizzy Dent,P,26,75,36,111,4,16
342,87627,1985,Dolf Bibby,P,30,63,34,97,6,11
343,87627,1985,Haywood Howerton,P,22,36,60,96,4,6
344,87627,1986,Dolf Bibby,P,31,63,31,94,5,20
345,87627,1986,Haywood Howerton,P,23,37,63,100,4,7
346,87627,1986,Zinn Hunt,P,27,49,49,98,3,7
347,87627,1986,Dizzy Dent,P,27,75,36,111,6,13
348,87627,1987,Haywood Howerton,P,24,40,64,104,10,4
349,87627,1987,Zinn Hunt,P,28,49,49,98,5,9
350,87627,1987,Dolf Bibby,P,32,56,30,86,3,14
351,87627,1987,Paul Dubiel,P,20,68,73,141,8,10
352,87627,1988,Zinn Hunt,P,29,47,47,94,6,14
353,87627,1988,Dolf Bibby,P,33,52,26,78,3,11
354,87627,1988,Haywood Howerton,P,25,40,64,104,5,7
355,87627,1988,Carden Garrett,P,18,62,30,92,3,13
356,87627,1989,Zinn Hunt,P,30,44,47,91,7,9
357,87627,1989,Dolf Bibby,P,34,52,21,73,2,18
358,87627,1989,Haywood Howerton,P,26,40,64,104,7,2
359,87627,1989,Sig Golden,P,19,33,48,81,4,7
360,87627,1990,Zinn Hunt,P,31,43,39,82,4,11
361,87627,1990,Dolf Bibby,P,35,50,19,69,2,8
362,87627,1990,Sig Golden,P,20,42,49,91,3,10
363,87627,1990,Dominic Doherty,P,20,52,39,91,5,13
364,87627,1991,Zinn Hunt,P,32,38,39,77,2,7
365,87627,1991,Dolf Bibby,P,36,32,6,38,1,12
366,87627,1991,Sig Golden,P,21,50,56,106,10,7
367,87627,1991,Ivey Gosger,P,22,33,39,72,7,8
368,87627,1992,Zinn Hunt,P,33,28,38,66,3,3
369,87627,1992,Dolf Bibby,P,37,11,0,11,0,13
370,87627,1992,Ivey Gosger,P,23,34,39,73,6,8
371,87627,1992,Walt Arlett,P,18,69,48,117,8,13
372,87627,1993,Zinn Hunt,P,34,16,35,51,2,9
373,87627,1993,Ivey Gosger,P,24,36,41,77,4,9
374,87627,1993,Walt Arlett,P,19,75,53,128,12,13
375,87627,1993,Maurice Douglas,P,23,47,75,122,12,4
376,87627,1994,Maurice Douglas,P,24,47,76,123,14,6
377,87627,1994,Zinn Hunt,P,35,1,19,20,0,2
378,87627,1994,Ivey Gosger,P,25,36,41,77,6,10
379,87627,1994,Reb Grantham,P,22,43,38,81,3,11
380,87627,1995,Zinn Hunt,P,36,0,5,5,1,4
381,87627,1995,Ivey Gosger,P,26,36,41,77,3,7
382,87627,1995,Maurice Douglas,P,25,47,76,123,13,4
383,87627,1995,Cactus Hershberger,P,18,51,49,100,5,7
384,87627,1996,Zinn Hunt,P,37,0,0,0,0,7
385,87627,1996,Cactus Hershberger,P,19,55,63,118,6,9
386,87627,1996,Maurice Douglas,P,26,47,76,123,12,5
387,87627,1996,Dan Brancato,P,20,67,40,107,4,9
388,87627,1997,Zinn Hunt,P,38,0,0,0,0,6
389,87627,1997,Dan Brancato,P,21,67,47,114,14,9
390,87627,1997,Maurice Douglas,P,27,47,76,123,14,5
391,87627,1997,Maurice Fitzgerald,P,20,62,73,135,11,5
392,87627,1998,Zinn Hunt,P,39,0,0,0,0,3
393,87627,1998,Maurice Douglas,P,28,47,76,123,10,4
394,87627,1998,Maurice Fitzgerald,P,21,69,82,151,15,3
395,87627,1998,Pee-Wee Cavet,P,23,45,79,124,14,5
396,87627,1999,Zinn Hunt,P,40,0,0,0,0,5
397,87627,1999,Maurice Fitzgerald,P,22,77,90,167,17,4
398,87627,1999,Pee-Wee Cavet,P,24,49,83,132,10,6
399,87627,1999,Manuel Hanson,P,20,68,43,111,8,14
400,87627,2000,Pee-Wee Cavet,P,25,49,83,132,14,4
401,87627,2000,Zinn Hunt,P,41,0,0,0,0,2
402,87627,2000,Manuel Hanson,P,21,68,47,115,8,9
403,87627,2000,Maurice Fitzgerald,P,23,77,93,170,11,6
404,87627,2001,Maurice Fitzgerald,P,24,78,94,172,18,6
405,87627,2001,Pee-Wee Cavet,P,26,49,83,132,13,9
406,87627,2001,Manuel Hanson,P,22,71,52,123,5,16
407,87627,2001,Johnny Coates,P,19,66,80,146,13,8
408,87627,2002,Maurice Fitzgerald,P,25,78,94,172,23,3
409,87627,2002,Pee-Wee Cavet,P,27,49,83,132,12,5
410,87627,2002,Johnny Coates,P,20,78,91,169,17,7
411,87627,2002,Johnnie Gonzalez,P,21,80,45,125,10,16
412,87627,2003,Pee-Wee Cavet,P,28,49,83,132,10,7
413,87627,2003,Johnnie Gonzalez,P,22,82,49,131,6,17
414,87627,2003,Johnny Coates,P,21,81,96,177,22,3
415,87627,2003,Luis Hayden,P,22,42,56,98,7,7
416,87627,2004,Luis Hayden,P,23,48,56,104,12,8
417,87627,2004,Johnnie Gonzalez,P,23,85,55,140,10,10
418,87627,2004,Johnny Coates,P,22,88,100,188,21,5
419,87627,2004,Ricardo Glossop,P,20,80,68,148,14,11
420,87627,2005,Ricardo Glossop,P,21,81,70,151,9,13
421,87627,2005,Johnnie Gonzalez,P,24,89,56,145,9,17
422,87627,2005,Johnny Coates,P,23,91,105,196,23,5
423,87627,2005,Bert Brown,P,24,53,39,92,7,11
424,87627,2006,Johnnie Gonzalez,P,25,89,56,145,7,18
425,87627,2006,Johnny Coates,P,24,91,107,198,28,1
426,87627,2006,Ricardo Glossop,P,22,86,78,164,17,8
427,87627,2006,Merle Humphries,P,25,59,49,108,7,12
428,87627,2007,Johnny Coates,P,25,91,107,198,23,2
429,87627,2007,Merle Humphries,P,26,59,49,108,6,9
430,87627,2007,Johnnie Gonzalez,P,26,89,56,145,9,13
431,87627,2007,Huck Collard,P,23,79,49,128,11,11
432,87627,2008,Merle Humphries,P,27,59,49,108,8,7
433,87627,2008,Johnnie Gonzalez,P,27,89,56,145,11,16
434,87627,2008,Johnny Coates,P,26,91,107,198,23,1
435,87627,2008,Fay Heflin,P,25,76,56,132,11,16
436,87627,2009,Johnnie Gonzalez,P,28,89,56,145,9,13
437,87627,2009,Johnny Coates,P,27,91,107,198,26,2
438,87627,2009,Merle Humphries,P,28,59,49,108,6,11
439,87627,2009,Fay Heflin,P,26,76,56,132,8,10
440,87627,2010,Johnny Coates,P,28,91,107,198,17,4
441,87627,2010,Merle Humphries,P,29,56,49,105,6,19
442,87627,2010,Fay Heflin,P,27,76,56,132,7,14
443,87627,2010,Johnnie Gonzalez,P,29,85,56,141,13,15
444,87627,2011,Johnnie Gonzalez,P,30,84,49,133,15,9
445,87627,2011,Johnny Coates,P,29,86,107,193,26,3
446,87627,2011,Merle Humphries,P,30,55,42,97,7,7
447,87627,2011,Fay Heflin,P,28,76,56,132,11,11
448,87627,2012,Merle Humphries,P,31,46,34,80,4,8
449,87627,2012,Fay Heflin,P,29,76,56,132,8,16
450,87627,2012,Johnny Coates,P,30,85,107,192,26,1
451,87627,2012,Gordon Iott,P,23,77,56,133,13,9
452,87627,2013,Johnny Coates,P,31,81,103,184,24,1
453,87627,2013,Merle Humphries,P,32,39,23,62,4,9
454,87627,2013,Gordon Iott,P,24,78,60,138,11,11
455,87627,2013,Moon Baird,P,23,64,33,97,7,12
456,87627,2014,Johnny Coates,P,32,76,95,171,16,5
457,87627,2014,Moon Baird,P,24,65,34,99,6,14
458,87627,2014,Gordon Iott,P,25,78,60,138,10,13
459,87627,2014,Jamie Besse,P,20,80,45,125,6,17
460,87627,2015,Moon Baird,P,25,65,34,99,4,12
461,87627,2015,Gordon Iott,P,26,78,60,138,10,9
462,87627,2015,Johnny Coates,P,33,66,90,156,22,5
463,87627,2015,Greg Hildebrand,P,25,34,33,67,3,9
464,87627,2016,Johnny Coates,P,34,63,90,153,16,4
465,87627,2016,Gordon Iott,P,27,78,60,138,18,7
466,87627,2016,Greg Hildebrand,P,26,34,33,67,7,4
467,87627,2016,Mal Hudson,P,20,56,46,102,7,10
468,87627,2017,Greg Hildebrand,P,27,34,33,67,1,7
469,87627,2017,Johnny Coates,P,35,51,90,141,9,2
470,87627,2017,Mal Hudson,P,21,57,49,106,8,9
471,87627,2017,Gordon Iott,P,28,78,60,138,9,13
472,87627,2018,Johnny Coates,P,36,46,78,124,5,6
473,87627,2018,Mal Hudson,P,22,61,49,110,5,10
474,87627,2018,Gordon Iott,P,29,74,58,132,7,7
475,87627,2018,Ivan Brohamer,P,22,58,40,98,5,16
476,87627,2019,Mal Hudson,P,23,65,55,120,10,11
477,87627,2019,Gordon Iott,P,30,68,54,122,7,11
478,87627,2019,Johnny Coates,P,37,26,57,83,1,6
479,87627,2019,Brock Gossage,P,20,64,61,125,13,8
480,87627,2020,Gordon Iott,P,31,61,54,115,6,15
481,87627,2020,Mal Hudson,P,24,69,59,128,4,4
482,87627,2020,Brock Gossage,P,21,64,63,127,11,9
483,87627,2020,Lowell Curtis,P,24,64,30,94,2,14
484,87627,2021,Lowell Curtis,P,25,64,30,94,5,14
485,87627,2021,Mal Hudson,P,25,69,59,128,10,13
486,87627,2021,Gordon Iott,P,32,51,54,105,6,7
487,87627,2021,Footsie Hisle,P,20,43,64,107,9,3
488,87627,2022,Mal Hudson,P,26,69,59,128,11,14
489,87627,2022,Footsie Hisle,P,21,49,72,121,9,4
490,87627,2022,Gordon Iott,P,33,44,42,86,6,10
491,87627,2022,Oliver Herrmann,P,25,58,39,97,6,9
492,87627,2023,Oliver Herrmann,P,26,58,39,97,3,15
493,87627,2023,Gordon Iott,P,34,31,42,73,1,6
494,87627,2023,Mal Hudson,P,27,69,59,128,12,10
495,87627,2023,Cliff Brandon,P,22,35,64,99,5,6
496,87627,2024,Mal Hudson,P,28,69,59,128,11,13
497,87627,2024,Oliver Herrmann,P,27,58,39,97,4,11
498,87627,2024,Cliff Brandon,P,23,41,70,111,7,6
499,87627,2024,Gordon Iott,P,35,22,37,59,4,3
500,87627,2025,Oliver Herrmann,P,28,58,39,97,9,7
501,87627,2025,Cliff Brandon,P,24,41,70,111,11,4
502,87627,2025,Mal Hudson,P,29,69,58,127,10,6
503,87627,2025,Wheezer Correll,P,24,72,72,144,14,12
504,87627,2026,Oliver Herrmann,P,29,58,34,92,5,13
505,87627,2026,Wheezer Correll,P,25,72,72,144,12,10
506,87627,2026,Mal Hudson,P,30,67,52,119,10,12
507,87627,2026,Oral Brannan,P,19,47,66,113,11,4
508,87627,2027,Oliver Herrmann,P,30,58,31,89,4,17
509,87627,2027,Oral Brannan,P,20,49,74,123,16,2
510,87627,2027,Mal Hudson,P,31,66,48,114,3,9
511,87627,2027,Jonah Foster,P,23,60,33,93,7,13
512,87627,2028,Oral Brannan,P,21,56,78,134,11,4
513,87627,2028,Jonah Foster,P,24,63,34,97,2,14
514,87627,2028,Oliver Herrmann,P,31,54,25,79,5,10
515,87627,2028,Clyde Gilliam,P,24,67,48,115,8,13
516,87627,2029,Jonah Foster,P,25,63,34,97,4,17
517,87627,2029,Oliver Herrmann,P,32,50,25,75,3,11
518,87627,2029,Oral Brannan,P,22,56,82,138,11,6
519,87627,2029,Graig Downing,P,18,60,37,97,10,9
520,87627,2030,Oliver Herrmann,P,33,44,25,69,1,10
521,87627,2030,Oral Brannan,P,23,60,85,145,12,7
522,87627,2030,Graig Downing,P,19,70,50,120,10,10
523,87627,2030,Ethan Fannin,P,23,71,31,102,6,13
524,87627,2031,Oral Brannan,P,24,62,88,150,12,3
525,87627,2031,Graig Downing,P,20,74,55,129,15,6
526,87627,2031,Oliver Herrmann,P,34,34,14,48,1,15
527,87627,2031,Woody Corkins,P,25,46,56,102,4,14
528,87627,2032,Oral Brannan,P,25,62,88,150,16,1
529,87627,2032,Woody Corkins,P,26,46,56,102,8,7
530,87627,2032,Oliver Herrmann,P,35,28,11,39,0,12
531,87627,2032,Rod Benton,P,25,72,59,131,6,9
532,87627,2033,Oral Brannan,P,26,62,88,150,19,3
533,87627,2033,Woody Corkins,P,27,46,56,102,8,11
534,87627,2033,Oliver Herrmann,P,36,24,0,24,0,12
535,87627,2033,Chief Heidemann,P,20,37,44,81,4,9
536,87627,2034,Oliver Herrmann,P,37,16,0,16,0,7
537,87627,2034,Oral Brannan,P,27,62,88,150,11,4
538,87627,2034,Woody Corkins,P,28,46,56,102,4,10
539,87627,2034,Chief Heidemann,P,21,46,47,93,4,10
540,87627,2035,Woody Corkins,P,29,42,51,93,7,3
541,87627,2035,Oliver Herrmann,P,38,0,0,0,0,3
542,87627,2035,Oral Brannan,P,28,62,88,150,14,7
543,87627,2035,Socks Cohen,P,25,73,70,143,9,13
544,87627,2036,Socks Cohen,P,26,73,70,143,16,9
545,87627,2036,Woody Corkins,P,30,38,49,87,4,9
546,87627,2036,Oliver Herrmann,P,39,0,0,0,0,5
547,87627,2036,Oral Brannan,P,29,62,83,145,7,6
548,87627,2037,Socks Cohen,P,27,73,70,143,8,6
549,87627,2037,Oliver Herrmann,P,40,0,0,0,0,3
550,87627,2037,Oral Brannan,P,30,59,80,139,10,7
551,87627,2037,Pie Hargan,P,23,71,80,151,12,8
552,87627,2038,Pie Hargan,P,24,73,83,156,13,6
553,87627,2038,Socks Cohen,P,28,73,70,143,14,8
554,87627,2038,Oliver Herrmann,P,41,0,0,0,0,4
555,87627,2038,Oral Brannan,P,31,59,78,137,10,7
556,87627,2039,Oral Brannan,P,32,59,74,133,11,6
557,87627,2039,Pie Hargan,P,25,73,83,156,15,5
558,87627,2039,Oliver Herrmann,P,42,0,0,0,0,1
559,87627,2039,Orlando Fregosi,P,24,41,57,98,6,3
560,87627,2040,Oral Brannan,P,33,51,69,120,11,9
561,87627,2040,Orlando Fregosi,P,25,41,57,98,8,7
562,87627,2040,Oliver Herrmann,P,43,0,0,0,0,2
563,87627,2040,Emil Arcia,P,22,55,48,103,5,9
564,87627,2041,Orlando Fregosi,P,26,41,57,98,5,7
565,87627,2041,Emil Arcia,P,23,57,52,109,12,10
566,87627,2041,Oral Brannan,P,34,41,67,108,11,5
567,87627,2041,Dickie Hayworth,P,20,60,51,111,6,10
568,87627,2042,Emil Arcia,P,24,58,53,111,6,7
569,87627,2042,Oral Brannan,P,35,36,56,92,6,7
570,87627,2042,Orlando Fregosi,P,27,41,57,98,7,2
571,87627,2042,Dickie Hayworth,P,21,62,57,119,10,4
572,87627,2043,Oral Brannan,P,36,19,47,66,3,7
573,87627,2043,Orlando Fregosi,P,28,41,57,98,8,7
574,87627,2043,Dickie Hayworth,P,22,65,61,126,8,10
575,87627,2043,Nolan Culberson,P,25,61,31,92,7,11
576,87627,2044,Oral Brannan,P,37,2,40,42,1,6
577,87627,2044,Orlando Fregosi,P,29,41,53,94,6,7
578,87627,2044,Dickie Hayworth,P,23,67,62,129,9,8
579,87627,2044,Atley Duren,P,22,69,41,110,6,11
580,87627,2045,Oral Brannan,P,38,0,31,31,2,4
581,87627,2045,Atley Duren,P,23,69,45,114,11,12
582,87627,2045,Dickie Hayworth,P,24,67,65,132,13,10
583,87627,2045,Vinegar Bend Howard,P,21,52,59,111,10,7
584,87627,2046,Dickie Hayworth,P,25,67,65,132,12,12
585,87627,2046,Oral Brannan,P,39,0,11,11,0,5
586,87627,2046,Vinegar Bend Howard,P,22,54,60,114,14,7
587,87627,2046,Atley Duren,P,24,70,45,115,5,9
588,87627,2047,Dickie Hayworth,P,26,67,65,132,8,13
589,87627,2047,Vinegar Bend Howard,P,23,58,66,124,6,13
590,87627,2047,Atley Duren,P,25,70,45,115,7,11
591,87627,2047,Cotton Gehrig,P,21,70,30,100,10,11
592,87627,2048,Vinegar Bend Howard,P,24,62,70,132,10,5
593,87627,2048,Cotton Gehrig,P,22,76,37,113,9,10
594,87627,2048,Dickie Hayworth,P,27,67,65,132,7,11
595,87627,2048,Harmon Holman,P,18,43,40,83,3,4
596,87627,2049,Dickie Hayworth,P,28,67,65,132,7,11
597,87627,2049,Harmon Holman,P,19,53,45,98,6,11
598,87627,2049,Cotton Gehrig,P,23,78,38,116,1,16
599,87627,2049,Al Grigsby,P,21,42,64,106,5,6
600,87627,2050,Dickie Hayworth,P,29,67,65,132,9,10
601,87627,2050,Harmon Holman,P,20,62,48,110,6,14
602,87627,2050,Cotton Gehrig,P,24,79,41,120,11,14
603,87627,2050,Whit Dudley,P,21,64,32,96,5,14
604,88613,1900,Dooley Severeid,P,31,54,36,90,5,13
605,88613,1900,Orlando Carroll,P,28,53,69,122,15,0
606,88613,1900,Thomas Umphlett,P,21,37,48,85,7,6
607,88613,1900,Tripp Coggins,P,25,37,38,75,5,13
608,88613,1901,Thomas Umphlett,P,22,45,52,97,6,8
609,88613,1901,Tripp Coggins,P,26,37,38,75,7,8
610,88613,1901,Dooley Severeid,P,32,43,35,78,3,9
611,88613,1901,Joe Hopper,P,25,46,31,77,4,11
612,88613,1902,Joe Hopper,P,26,46,31,77,1,8
613,88613,1902,Thomas Umphlett,P,23,45,54,99,9,5
614,88613,1902,Tripp Coggins,P,27,37,38,75,3,6
615,88613,1902,Dooley Severeid,P,33,38,31,69,4,13
616,88613,1903,Joe Hopper,P,27,46,31,77,5,10
617,88613,1903,Tripp Coggins,P,28,37,38,75,6,4
618,88613,1903,Dooley Severeid,P,34,27,28,55,2,8
619,88613,1903,Sam Harstad,P,22,73,61,134,9,7
620,88613,1904,Sam Harstad,P,23,77,63,140,11,13
621,88613,1904,Tripp Coggins,P,29,36,38,74,3,8
622,88613,1904,Joe Hopper,P,28,46,31,77,2,10
623,88613,1904,Carroll Boehling,P,20,50,79,129,10,5
624,88613,1905,Tripp Coggins,P,30,33,35,68,3,9
625,88613,1905,Joe Hopper,P,29,46,31,77,0,8
626,88613,1905,Sam Harstad,P,24,80,63,143,11,13
627,88613,1905,Jim Ray Donoso,P,23,71,59,130,13,5
628,88613,1906,Tripp Coggins,P,31,30,31,61,4,11
629,88613,1906,Jim Ray Donoso,P,24,74,60,134,11,11
630,88613,1906,Joe Hopper,P,30,42,28,70,5,7
631,88613,1906,Ping Halicki,P,24,80,79,159,12,7
632,88613,1907,Ping Halicki,P,25,80,79,159,16,6
633,88613,1907,Jim Ray Donoso,P,25,74,60,134,12,9
634,88613,1907,Joe Hopper,P,31,37,22,59,5,7
635,88613,1907,Claudell Burbach,P,25,39,62,101,5,6
636,88613,1908,Ping Halicki,P,26,80,79,159,15,4
637,88613,1908,Claudell Burbach,P,26,39,62,101,3,11
638,88613,1908,Jim Ray Donoso,P,26,74,60,134,13,9
639,88613,1908,Elmer Freehan,P,25,46,39,85,5,7
640,88613,1909,Elmer Freehan,P,26,46,39,85,4,9
641,88613,1909,Jim Ray Donoso,P,27,74,60,134,11,11
642,88613,1909,Ping Halicki,P,27,80,79,159,16,6
643,88613,1909,Claudell Burbach,P,27,39,62,101,6,6
644,88613,1910,Ping Halicki,P,28,80,79,159,13,5
645,88613,1910,Elmer Freehan,P,27,46,39,85,7,4
646,88613,1910,Jim Ray Donoso,P,28,74,60,134,10,6
647,88613,1910,Cass Ambler,P,24,54,42,96,3,11
648,88613,1911,Jim Ray Donoso,P,29,74,60,134,10,11
649,88613,1911,Ping Halicki,P,29,80,75,155,10,13
650,88613,1911,Cass Ambler,P,25,54,42,96,8,9
651,88613,1911,Elmer Freehan,P,28,46,39,85,2,8
652,88613,1912,Jim Ray Donoso,P,30,69,53,122,13,6
653,88613,1912,Ping Halicki,P,30,76,68,144,12,9
654,88613,1912,Cass Ambler,P,26,54,42,96,5,7
655,88613,1912,Elmer Freehan,P,29,46,39,85,5,11
656,88613,1913,Ping Halicki,P,31,73,68,141,13,7
657,88613,1913,Cass Ambler,P,27,54,42,96,5,12
658,88613,1913,Elmer Freehan,P,30,40,37,77,3,13
659,88613,1913,Loren Gibbon,P,18,66,50,116,11,4
660,88613,1914,Ping Halicki,P,32,72,60,132,6,12
661,88613,1914,Cass Ambler,P,28,54,42,96,8,7
662,88613,1914,Loren Gibbon,P,19,72,54,126,8,15
663,88613,1914,Schoolboy Clay,P,25,55,34,89,5,11
664,88613,1915,Schoolboy Clay,P,26,55,34,89,5,14
665,88613,1915,Loren Gibbon,P,20,79,55,134,12,12
666,88613,1915,Ping Halicki,P,33,68,52,120,7,10
667,88613,1915,Tripp Duckworth,P,25,60,31,91,6,9
668,88613,1916,Schoolboy Clay,P,27,55,34,89,9,12
669,88613,1916,Tripp Duckworth,P,26,60,31,91,5,11
670,88613,1916,Ping Halicki,P,34,55,48,103,5,12
671,88613,1916,Sloppy Davis,P,22,69,73,142,16,8
672,88613,1917,Schoolboy Clay,P,28,55,34,89,3,13
673,88613,1917,Sloppy Davis,P,23,72,77,149,12,6
674,88613,1917,Tripp Duckworth,P,27,60,31,91,5,13
675,88613,1917,Ping Halicki,P,35,54,36,90,4,14
676,88613,1918,Sloppy Davis,P,24,72,79,151,15,8
677,88613,1918,Tripp Duckworth,P,28,60,31,91,5,12
678,88613,1918,Ping Halicki,P,36,43,27,70,3,6
679,88613,1918,Lee Arft,P,22,37,79,116,7,1
680,88613,1919,Tripp Duckworth,P,29,60,31,91,8,10
681,88613,1919,Lee Arft,P,23,40,82,122,11,3
682,88613,1919,Sloppy Davis,P,25,72,79,151,16,4
683,88613,1919,Oliver Griner,P,25,75,49,124,8,15
684,88613,1920,Oliver Griner,P,26,75,49,124,9,12
685,88613,1920,Sloppy Davis,P,26,72,79,151,17,7
686,88613,1920,Lee Arft,P,24,40,86,126,12,5
687,88613,1920,Jose Belanger,P,25,40,65,105,8,3
688,88613,1921,Lee Arft,P,25,40,86,126,11,3
689,88613,1921,Oliver Griner,P,27,75,49,124,6,9
690,88613,1921,Sloppy Davis,P,27,72,79,151,13,9
691,88613,1921,Jose Belanger,P,26,40,65,105,2,4
692,88613,1922,Oliver Griner,P,28,75,49,124,10,13
693,88613,1922,Jose Belanger,P,27,40,65,105,7,5
694,88613,1922,Lee Arft,P,26,40,86,126,11,3
695,88613,1922,Gene Borowy,P,20,33,32,65,7,5
696,88613,1923,Jose Belanger,P,28,40,65,105,7,5
697,88613,1923,Lee Arft,P,27,40,86,126,14,3
698,88613,1923,Oliver Griner,P,29,72,45,117,9,12
699,88613,1923,Gene Borowy,P,21,40,38,78,3,9
700,88613,1924,Oliver Griner,P,30,69,45,114,8,12
701,88613,1924,Gene Borowy,P,22,46,39,85,3,10
702,88613,1924,Lee Arft,P,28,40,86,126,9,6
703,88613,1924,Specs Cole,P,21,46,55,101,8,9
704,88613,1925,Oliver Griner,P,31,69,42,111,6,14
705,88613,1925,Specs Cole,P,22,51,63,114,7,6
706,88613,1925,Gene Borowy,P,23,52,39,91,7,3
707,88613,1925,Sergio Buskey,P,21,30,70,100,7,2
708,88613,1926,Sergio Buskey,P,22,35,73,108,7,5
709,88613,1926,Specs Cole,P,23,53,68,121,9,9
710,88613,1926,Gene Borowy,P,24,53,42,95,4,5
711,88613,1926,Matt Drott,P,22,56,59,115,8,10
712,88613,1927,Matt Drott,P,23,59,59,118,8,8
713,88613,1927,Specs Cole,P,24,56,70,126,14,6
714,88613,1927,Gene Borowy,P,25,53,42,95,8,12
715,88613,1927,Duffy Auerbach,P,19,63,34,97,3,17
716,88613,1928,Specs Cole,P,25,56,70,126,15,5
717,88613,1928,Duffy Auerbach,P,20,67,37,104,3,14
718,88613,1928,Matt Drott,P,24,62,60,122,12,6
719,88613,1928,Keith Barmes,P,19,70,34,104,5,13
720,88613,1929,Matt Drott,P,25,62,60,122,14,10
721,88613,1929,Duffy Auerbach,P,21,69,40,109,7,15
722,88613,1929,Keith Barmes,P,20,73,36,109,7,12
723,88613,1929,Rabbit Groth,P,23,54,35,89,6,12
724,88613,1930,Rabbit Groth,P,24,54,35,89,3,12
725,88613,1930,Duffy Auerbach,P,22,71,46,117,4,14
726,88613,1930,Keith Barmes,P,21,73,46,119,3,16
727,88613,1930,Chico Douglas,P,18,32,74,106,5,6
728,88613,1931,Duffy Auerbach,P,23,73,48,121,11,9
729,88613,1931,Rabbit Groth,P,25,54,35,89,6,12
730,88613,1931,Chico Douglas,P,19,42,74,116,10,4
731,88613,1931,Kiki Felix,P,18,67,57,124,8,11
732,88613,1932,Kiki Felix,P,19,72,67,139,15,7
733,88613,1932,Chico Douglas,P,20,44,78,122,12,5
734,88613,1932,Duffy Auerbach,P,24,73,51,124,8,12
735,88613,1932,Greasy Herbel,P,18,32,80,112,8,3
736,88613,1933,Kiki Felix,P,20,79,77,156,17,8
737,88613,1933,Chico Douglas,P,21,53,80,133,13,4
738,88613,1933,Duffy Auerbach,P,25,73,51,124,8,14
739,88613,1933,Glenn Garrett,P,21,71,78,149,12,8
740,88613,1934,Kiki Felix,P,21,88,81,169,17,7
741,88613,1934,Duffy Auerbach,P,26,73,51,124,7,14
742,88613,1934,Glenn Garrett,P,22,77,86,163,18,7
743,88613,1934,Brad Dixon,P,20,64,76,140,15,6
744,88613,1935,Duffy Auerbach,P,27,73,51,124,9,13
745,88613,1935,Kiki Felix,P,22,94,84,178,19,4
746,88613,1935,Brad Dixon,P,21,70,77,147,14,6
747,88613,1935,Howie Frederick,P,24,43,31,74,8,6
748,88613,1936,Kiki Felix,P,23,99,84,183,16,5
749,88613,1936,Brad Dixon,P,22,78,78,156,10,10
750,88613,1936,Howie Frederick,P,25,43,31,74,6,13
751,88613,1936,Weldon Garrido,P,19,67,53,120,9,10
752,88613,1937,Kiki Felix,P,24,99,85,184,17,11
753,88613,1937,Weldon Garrido,P,20,67,59,126,11,8
754,88613,1937,Brad Dixon,P,23,82,80,162,15,5
755,88613,1937,Freddie Holmes,P,20,74,49,123,9,8
756,88613,1938,Kiki Felix,P,25,99,85,184,20,10
757,88613,1938,Weldon Garrido,P,21,76,66,142,11,12
758,88613,1938,Brad Dixon,P,24,86,81,167,14,9
759,88613,1938,Chief Cadore,P,22,72,31,103,3,15
760,88613,1939,Brad Dixon,P,25,86,81,167,15,8
761,88613,1939,Chief Cadore,P,23,77,31,108,6,19
762,88613,1939,Weldon Garrido,P,22,81,66,147,12,12
763,88613,1939,Allan Felix,P,19,63,80,143,18,4
764,88613,1940,Chief Cadore,P,24,81,33,114,12,17
765,88613,1940,Allan Felix,P,20,75,84,159,18,3
766,88613,1940,Brad Dixon,P,26,86,81,167,14,8
767,88613,1940,Lu Cross,P,18,53,68,121,9,10
768,88613,1941,Lu Cross,P,19,64,69,133,12,7
769,88613,1941,Brad Dixon,P,27,86,81,167,19,8
770,88613,1941,Chief Cadore,P,25,81,33,114,9,11
771,88613,1941,Sweetbreads Gharrity,P,20,45,60,105,10,7
772,88613,1942,Sweetbreads Gharrity,P,21,46,68,114,8,5
773,88613,1942,Brad Dixon,P,28,86,81,167,14,11
774,88613,1942,Lu Cross,P,20,68,69,137,8,11
775,88613,1942,Urbane Eisenstat,P,24,36,57,93,5,9
776,88613,1943,Sweetbreads Gharrity,P,22,48,72,120,8,3
777,88613,1943,Brad Dixon,P,29,86,77,163,17,10
778,88613,1943,Lu Cross,P,21,72,78,150,14,7
779,88613,1943,Buzz Doran,P,25,64,47,111,11,6
780,88613,1944,Lu Cross,P,22,72,84,156,17,5
781,88613,1944,Sweetbreads Gharrity,P,23,54,74,128,9,7
782,88613,1944,Brad Dixon,P,30,80,77,157,19,10
783,88613,1944,Buzz Doran,P,26,64,47,111,5,11
784,88637,1900,Kid Gornicki,P,21,42,61,103,3,9
785,88637,1900,Glen Gerber,P,30,67,38,105,4,16
786,88637,1900,Phil Corcoran,P,20,28,71,99,2,2
787,88637,1900,Moon Connolly,P,22,60,31,91,5,10
788,88637,1901,Moon Connolly,P,23,66,34,100,5,18
789,88637,1901,Phil Corcoran,P,21,31,77,108,4,3
790,88637,1901,Glen Gerber,P,31,59,29,88,5,16
791,88637,1901,Hooks Davis,P,22,79,60,139,6,12
792,88637,1902,Hooks Davis,P,23,80,64,144,15,7
793,88637,1902,Phil Corcoran,P,22,38,85,123,8,5
794,88637,1902,Glen Gerber,P,32,59,23,82,8,8
795,88637,1902,Nolan Acosta,P,19,76,30,106,2,14
796,88637,1903,Nolan Acosta,P,20,84,37,121,5,15
797,88637,1903,Phil Corcoran,P,23,43,88,131,12,2
798,88637,1903,Glen Gerber,P,33,59,14,73,5,15
799,88637,1903,Hooks Davis,P,24,80,67,147,9,11
800,88637,1904,Nolan Acosta,P,21,87,47,134,6,20
801,88637,1904,Phil Corcoran,P,24,45,88,133,14,2
802,88637,1904,Hooks Davis,P,25,80,67,147,11,14
803,88637,1904,Wilbur Dodge,P,18,56,60,116,9,12
804,88637,1905,Phil Corcoran,P,25,45,88,133,9,1
805,88637,1905,Wilbur Dodge,P,19,62,70,132,5,10
806,88637,1905,Nolan Acosta,P,22,89,50,139,13,15
807,88637,1905,Gorman Forster,P,18,53,45,98,5,14
808,88637,1906,Wilbur Dodge,P,20,67,74,141,13,8
809,88637,1906,Gorman Forster,P,19,63,47,110,12,10
810,88637,1906,Nolan Acosta,P,23,93,53,146,9,18
811,88637,1906,Marshall Hathaway,P,21,65,34,99,1,19
812,88637,1907,Wilbur Dodge,P,21,67,74,141,11,9
813,88637,1907,Gorman Forster,P,20,73,57,130,11,14
814,88637,1907,Marshall Hathaway,P,22,69,41,110,6,10
815,88637,1907,Peanuts Ashburn,P,25,71,64,135,7,9
816,88637,1908,Marshall Hathaway,P,23,73,45,118,5,12
817,88637,1908,Wilbur Dodge,P,22,68,76,144,17,9
818,88637,1908,Gorman Forster,P,21,75,66,141,19,7
819,88637,1908,Watty Humphries,P,20,54,68,122,10,6
820,88637,1909,Watty Humphries,P,21,57,68,125,12,5
821,88637,1909,Gorman Forster,P,22,77,71,148,11,6
822,88637,1909,Marshall Hathaway,P,24,73,45,118,12,11
823,88637,1909,Pretzel Acosta,P,25,34,77,111,7,5
824,88637,1910,Marshall Hathaway,P,25,73,45,118,5,21
825,88637,1910,Pretzel Acosta,P,26,34,77,111,7,4
826,88637,1910,Gorman Forster,P,23,80,72,152,14,10
827,88637,1910,Luke Baumholtz,P,23,57,61,118,7,5
828,88637,1911,Pretzel Acosta,P,27,34,77,111,7,5
829,88637,1911,Gorman Forster,P,24,80,73,153,16,9
830,88637,1911,Marshall Hathaway,P,26,73,45,118,6,17
831,88637,1911,Muddy Gaines,P,20,60,49,109,9,11
832,88637,1912,Muddy Gaines,P,21,65,56,121,9,9
833,88637,1912,Pretzel Acosta,P,28,34,77,111,10,1
834,88637,1912,Marshall Hathaway,P,27,73,45,118,7,11
835,88637,1912,Willie Hansen,P,24,31,77,108,4,6
836,88637,1913,Pretzel Acosta,P,29,29,72,101,3,3
837,88637,1913,Willie Hansen,P,25,31,77,108,8,5
838,88637,1913,Muddy Gaines,P,22,72,62,134,17,8
839,88637,1913,Damon Corbett,P,19,74,43,117,6,17
840,88637,1914,Muddy Gaines,P,23,77,64,141,12,10
841,88637,1914,Willie Hansen,P,26,31,77,108,9,4
842,88637,1914,Damon Corbett,P,20,74,45,119,8,14
843,88637,1914,Sheldon Hodapp,P,19,34,57,91,7,2
844,88637,1915,Sheldon Hodapp,P,20,37,61,98,6,7
845,88637,1915,Willie Hansen,P,27,31,77,108,6,3
846,88637,1915,Damon Corbett,P,21,76,50,126,8,15
847,88637,1915,Muddy Gaines,P,24,80,65,145,13,5
848,88637,1916,Sheldon Hodapp,P,21,44,62,106,10,5
849,88637,1916,Willie Hansen,P,28,31,77,108,6,6
850,88637,1916,Damon Corbett,P,22,80,57,137,13,14
851,88637,1916,Mace Bird,P,20,73,80,153,20,4
852,88637,1917,Mace Bird,P,21,76,81,157,13,6
853,88637,1917,Sheldon Hodapp,P,22,49,63,112,6,11
854,88637,1917,Damon Corbett,P,23,85,63,148,18,8
855,88637,1917,Bibb Donald,P,19,42,42,84,6,4
856,88637,1918,Mace Bird,P,22,82,84,166,19,6
857,88637,1918,Sheldon Hodapp,P,23,53,65,118,7,10
858,88637,1918,Bibb Donald,P,20,50,42,92,2,10
859,88637,1918,Matty Candini,P,20,35,44,79,7,8
860,88637,1919,Sheldon Hodapp,P,24,56,69,125,7,9
861,88637,1919,Mace Bird,P,23,86,90,176,21,3
862,88637,1919,Matty Candini,P,21,35,44,79,4,9
863,88637,1919,Ivy Brucker,P,20,74,72,146,13,10
864,88637,1920,Sheldon Hodapp,P,25,56,69,125,7,3
865,88637,1920,Mace Bird,P,24,88,92,180,22,4
866,88637,1920,Matty Candini,P,22,39,51,90,6,7
867,88637,1920,Rosy Bolen,P,22,30,67,97,9,4
868,88637,1921,Matty Candini,P,23,42,55,97,6,6
869,88637,1921,Rosy Bolen,P,23,35,67,102,8,6
870,88637,1921,Mace Bird,P,25,88,92,180,21,6
871,88637,1921,Chad Hinton,P,22,78,53,131,12,12
872,88637,1922,Mace Bird,P,26,88,92,180,22,4
873,88637,1922,Rosy Bolen,P,24,36,71,107,6,7
874,88637,1922,Chad Hinton,P,23,80,56,136,5,16
875,88637,1922,Faye Burtschy,P,24,74,58,132,8,19
876,88637,1923,Mace Bird,P,27,88,92,180,21,5
877,88637,1923,Chad Hinton,P,24,81,59,140,9,15
878,88637,1923,Faye Burtschy,P,25,74,58,132,10,8
879,88637,1923,Jackie Griffith,P,18,60,53,113,4,17
880,88637,1924,Faye Burtschy,P,26,74,58,132,11,12
881,88637,1924,Jackie Griffith,P,19,70,65,135,11,10
882,88637,1924,Chad Hinton,P,25,81,59,140,7,17
883,88637,1924,Lew Felsch,P,20,53,76,129,13,6
884,88637,1925,Lew Felsch,P,21,57,77,134,11,8
885,88637,1925,Chad Hinton,P,26,81,59,140,12,9
886,88637,1925,Faye Burtschy,P,27,74,58,132,7,13
887,88637,1925,Luther Ferrarese,P,24,68,65,133,15,6
888,88637,1926,Luther Ferrarese,P,25,68,65,133,14,6
889,88637,1926,Faye Burtschy,P,28,74,58,132,9,14
890,88637,1926,Lew Felsch,P,22,59,83,142,15,4
891,88637,1926,Gino Crosetti,P,19,75,74,149,9,11
892,88637,1927,Gino Crosetti,P,20,77,78,155,15,2
893,88637,1927,Lew Felsch,P,23,60,85,145,14,5
894,88637,1927,Faye Burtschy,P,29,69,53,122,10,7
895,88637,1927,Galen Blades,P,18,39,76,115,10,4
896,88637,1928,Gino Crosetti,P,21,82,87,169,19,5
897,88637,1928,Lew Felsch,P,24,60,89,149,8,5
898,88637,1928,Faye Burtschy,P,30,66,52,118,6,9
899,88637,1928,Galen Blades,P,19,49,76,125,10,7
900,88637,1929,Faye Burtschy,P,31,60,51,111,3,13
901,88637,1929,Galen Blades,P,20,59,87,146,12,4
902,88637,1929,Lew Felsch,P,25,60,89,149,18,2
903,88637,1929,Wayne Hargan,P,20,72,35,107,3,16
904,88637,1930,Lew Felsch,P,26,60,89,149,12,10
905,88637,1930,Wayne Hargan,P,21,75,43,118,7,15
906,88637,1930,Galen Blades,P,21,60,92,152,17,4
907,88637,1930,Peaches Baumholtz,P,22,45,34,79,3,9
908,88637,1931,Lew Felsch,P,27,60,89,149,19,1
909,88637,1931,Peaches Baumholtz,P,23,46,37,83,5,11
910,88637,1931,Galen Blades,P,22,66,93,159,14,3
911,88637,1931,Aurelio Barber,P,24,54,59,113,12,8
912,88637,1932,Peaches Baumholtz,P,24,50,38,88,4,15
913,88637,1932,Aurelio Barber,P,25,54,59,113,12,7
914,88637,1932,Lew Felsch,P,28,60,89,149,16,3
915,88637,1932,Chief Bithorn,P,19,69,38,107,5,11
916,88637,1933,Chief Bithorn,P,20,72,43,115,11,11
917,88637,1933,Lew Felsch,P,29,60,89,149,13,3
918,88637,1933,Aurelio Barber,P,26,54,59,113,9,7
919,88637,1933,Homer Dusak,P,24,77,49,126,12,10
920,88637,1934,Chief Bithorn,P,21,79,45,124,6,13
921,88637,1934,Lew Felsch,P,30,56,87,143,16,6
922,88637,1934,Aurelio Barber,P,27,54,59,113,7,8
923,88637,1934,Odell Henshaw,P,22,80,76,156,18,3
924,88637,1935,Lew Felsch,P,31,54,83,137,15,1
925,88637,1935,Odell Henshaw,P,23,86,77,163,13,9
926,88637,1935,Aurelio Barber,P,28,54,59,113,12,5
927,88637,1935,Lonny Dahlgren,P,23,48,57,105,9,8
928,88637,1936,Odell Henshaw,P,24,87,78,165,12,11
929,88637,1936,Aurelio Barber,P,29,54,54,108,7,9
930,88637,1936,Lew Felsch,P,32,43,72,115,5,5
931,88637,1936,Faye Covington,P,20,44,68,112,9,5
932,88637,1937,Faye Covington,P,21,52,75,127,10,5
933,88637,1937,Lew Felsch,P,33,31,70,101,13,2
934,88637,1937,Aurelio Barber,P,30,54,54,108,7,11
935,88637,1937,Cotton Hoskins,P,19,30,32,62,5,12
936,88637,1938,Faye Covington,P,22,56,79,135,10,7
937,88637,1938,Lew Felsch,P,34,30,62,92,8,9
938,88637,1938,Aurelio Barber,P,31,46,49,95,6,10
939,88637,1938,Elden Agee,P,23,42,32,74,2,14
940,88637,1939,Lew Felsch,P,35,23,48,71,5,8
941,88637,1939,Aurelio Barber,P,32,41,45,86,8,6
942,88637,1939,Faye Covington,P,23,62,79,141,13,7
943,88637,1939,Wes Hardy,P,18,75,30,105,7,12
944,88637,1940,Faye Covington,P,24,66,79,145,11,3
945,88637,1940,Lew Felsch,P,36,6,39,45,1,5
946,88637,1940,Wes Hardy,P,19,80,30,110,7,18
947,88637,1940,Aurelio Barber,P,33,41,33,74,1,7
948,88637,1941,Lew Felsch,P,37,0,18,18,2,2
949,88637,1941,Wes Hardy,P,20,81,42,123,7,15
950,88637,1941,Aurelio Barber,P,34,40,19,59,1,11
951,88637,1941,Gail Gaines,P,24,78,80,158,11,8
952,88637,1942,Lew Felsch,P,38,0,4,4,0,3
953,88637,1942,Wes Hardy,P,21,84,45,129,12,12
954,88637,1942,Gail Gaines,P,25,78,80,158,12,7
955,88637,1942,Carroll Amoros,P,23,46,71,117,5,6
956,88637,1943,Gail Gaines,P,26,78,80,158,17,7
957,88637,1943,Lew Felsch,P,39,0,0,0,0,4
958,88637,1943,Wes Hardy,P,22,85,53,138,11,11
959,88637,1943,Carroll Amoros,P,24,46,74,120,9,1
960,88637,1944,Lew Felsch,P,40,0,0,0,0,1
961,88637,1944,Wes Hardy,P,23,87,57,144,10,14
962,88637,1944,Carroll Amoros,P,25,46,74,120,12,4
963,88637,1944,Gail Gaines,P,27,78,80,158,21,5
964,88637,1945,Gail Gaines,P,28,78,80,158,15,8
965,88637,1945,Lew Felsch,P,41,0,0,0,0,2
966,88637,1945,Wes Hardy,P,24,90,61,151,8,13
967,88637,1945,Carroll Amoros,P,26,46,74,120,15,4
968,88637,1946,Wes Hardy,P,25,90,61,151,8,15
969,88637,1946,Carroll Amoros,P,27,46,74,120,8,7
970,88637,1946,Lew Felsch,P,42,0,0,0,0,5
971,88637,1946,Vito Hoak,P,19,33,31,64,1,9
972,88637,1947,Carroll Amoros,P,28,46,74,120,10,2
973,88637,1947,Lew Felsch,P,43,0,0,0,0,1
974,88637,1947,Vito Hoak,P,20,43,39,82,6,5
975,88637,1947,Dizzy Daley,P,23,70,40,110,6,12
976,88637,1948,Dizzy Daley,P,24,74,42,116,12,8
977,88637,1948,Lew Felsch,P,44,0,0,0,0,2
978,88637,1948,Carroll Amoros,P,29,41,70,111,6,7
979,88637,1948,Nig Donoso,P,18,40,65,105,4,7
980,88637,1949,Dizzy Daley,P,25,74,42,116,7,11
981,88637,1949,Nig Donoso,P,19,45,79,124,9,4
982,88637,1949,Carroll Amoros,P,30,40,70,110,7,5
983,88637,1949,Gil Held,P,20,60,43,103,5,11
984,88637,1950,Gil Held,P,21,68,49,117,10,14
985,88637,1950,Nig Donoso,P,20,55,90,145,17,3
986,88637,1950,Carroll Amoros,P,31,38,65,103,4,6
987,88637,1950,Charley Crouse,P,23,55,37,92,7,12
988,88287,1900,Clay Griffey,P,28,29,62,91,5,4
989,88287,1900,Tuck Brucker,P,27,62,52,114,7,11
990,88287,1900,Irish Nicholson,P,33,60,48,108,9,10
991,88287,1900,Garry Conigliaro,P,23,37,73,110,5,7
992,88287,1901,Irish Nicholson,P,34,48,39,87,1,14
993,88287,1901,Tuck Brucker,P,28,62,52,114,7,14
994,88287,1901,Clay Griffey,P,29,29,58,87,5,3
995,88287,1901,Garry Conigliaro,P,24,38,73,111,11,4
996,88287,1902,Garry Conigliaro,P,25,38,73,111,8,6
997,88287,1902,Tuck Brucker,P,29,61,48,109,8,9
998,88287,1902,Clay Griffey,P,30,28,56,84,6,0
999,88287,1902,Kemp Gallivan,P,20,72,79,151,13,7
1000,88287,1903,Tuck Brucker,P,30,61,42,103,3,15
1001,88287,1903,Clay Griffey,P,31,21,48,69,3,6
1002,88287,1903,Garry Conigliaro,P,26,38,73,111,7,7
1003,88287,1903,Gibby Browne,P,23,52,42,94,4,13
1004,88287,1904,Garry Conigliaro,P,27,38,73,111,7,4
1005,88287,1904,Gibby Browne,P,24,54,43,97,7,7
1006,88287,1904,Clay Griffey,P,32,20,45,65,4,5
1007,88287,1904,Matt Fischer,P,23,44,39,83,6,8
1008,88287,1905,Matt Fischer,P,24,47,41,88,7,9
1009,88287,1905,Clay Griffey,P,33,10,32,42,2,5
1010,88287,1905,Garry Conigliaro,P,28,38,73,111,11,2
1011,88287,1905,Marino Doak,P,25,34,61,95,2,8
1012,88287,1906,Marino Doak,P,26,34,61,95,6,3
1013,88287,1906,Matt Fischer,P,25,47,41,88,3,10
1014,88287,1906,Garry Conigliaro,P,29,34,72,106,10,3
1015,88287,1906,Mick Anderson,P,21,66,30,96,4,20
1016,88287,1907,Matt Fischer,P,26,47,41,88,4,11
1017,88287,1907,Mick Anderson,P,22,72,37,109,4,14
1018,88287,1907,Garry Conigliaro,P,30,29,69,98,4,4
1019,88287,1907,Marino Doak,P,27,34,61,95,4,7
1020,88287,1908,Mick Anderson,P,23,77,38,115,12,13
1021,88287,1908,Garry Conigliaro,P,31,25,69,94,9,6
1022,88287,1908,Marino Doak,P,28,34,61,95,9,4
1023,88287,1908,Amos Eilers,P,18,79,69,148,14,9
1024,88287,1909,Marino Doak,P,29,31,57,88,6,6
1025,88287,1909,Amos Eilers,P,19,88,81,169,16,5
1026,88287,1909,Garry Conigliaro,P,32,25,68,93,7,2
1027,88287,1909,Kemp Bonds,P,20,31,45,76,6,8
1028,88287,1910,Marino Doak,P,30,27,56,83,4,6
1029,88287,1910,Amos Eilers,P,20,99,81,180,18,11
1030,88287,1910,Kemp Bonds,P,21,35,53,88,12,5
1031,88287,1910,Lon Decker,P,25,77,34,111,5,15
1032,88287,1911,Marino Doak,P,31,21,53,74,6,7
1033,88287,1911,Amos Eilers,P,21,103,85,188,25,4
1034,88287,1911,Lon Decker,P,26,77,34,111,8,15
1035,88287,1911,Mick Franklin,P,24,42,39,81,7,9
1036,88287,1912,Mick Franklin,P,25,42,39,81,3,10
1037,88287,1912,Lon Decker,P,27,77,34,111,3,16
1038,88287,1912,Marino Doak,P,32,21,44,65,2,7
1039,88287,1912,Santiago Alvarez,P,18,38,44,82,9,9
1040,88287,1913,Mick Franklin,P,26,42,39,81,1,11
1041,88287,1913,Santiago Alvarez,P,19,52,55,107,8,8
1042,88287,1913,Lon Decker,P,28,77,34,111,5,19
1043,88287,1913,Marino Doak,P,33,12,33,45,1,5
1044,88287,1914,Lon Decker,P,29,76,33,109,8,16
1045,88287,1914,Marino Doak,P,34,12,33,45,4,3
1046,88287,1914,Santiago Alvarez,P,20,60,59,119,11,11
1047,88287,1914,Allyn Coumbe,P,22,70,35,105,4,15
1048,88287,1915,Marino Doak,P,35,10,18,28,2,4
1049,88287,1915,Santiago Alvarez,P,21,70,65,135,10,8
1050,88287,1915,Allyn Coumbe,P,23,70,39,109,7,14
1051,88287,1915,Lon Decker,P,30,72,31,103,5,16
1052,88287,1916,Marino Doak,P,36,0,13,13,0,1
1053,88287,1916,Santiago Alvarez,P,22,74,72,146,20,4
1054,88287,1916,Lon Decker,P,31,67,22,89,4,16
1055,88287,1916,Hod Bishop,P,22,36,74,110,10,7
1056,88287,1917,Marino Doak,P,37,0,0,0,0,1
1057,88287,1917,Santiago Alvarez,P,23,80,72,152,10,10
1058,88287,1917,Hod Bishop,P,23,41,80,121,5,1
1059,88287,1917,Lon Decker,P,32,64,16,80,1,19
1060,88287,1918,Santiago Alvarez,P,24,84,75,159,19,7
1061,88287,1918,Lon Decker,P,33,59,4,63,1,19
1062,88287,1918,Marino Doak,P,38,0,0,0,0,5
1063,88287,1918,Pepe Hudlin,P,23,79,33,112,5,15
1064,88120,1900,Jack Schneider,P,28,58,69,127,12,3
1065,88120,1900,Nemo Patek,P,28,64,72,136,14,4
1066,88120,1900,Red Durham,P,20,26,57,83,5,4
1067,88120,1900,Matt Alvis,P,23,53,57,110,8,12
1068,88120,1901,Matt Alvis,P,24,55,57,112,4,12
1069,88120,1901,Nemo Patek,P,29,60,67,127,14,8
1070,88120,1901,Jack Schneider,P,29,56,64,120,10,12
1071,88120,1901,Laurin Casey,P,20,61,78,139,20,5
1072,88120,1902,Matt Alvis,P,25,55,57,112,5,9
1073,88120,1902,Nemo Patek,P,30,58,61,119,10,9
1074,88120,1902,Laurin Casey,P,21,68,84,152,20,4
1075,88120,1902,Dee Grove,P,19,48,37,85,4,10
1076,88120,1903,Nemo Patek,P,31,53,60,113,9,8
1077,88120,1903,Dee Grove,P,20,51,41,92,3,14
1078,88120,1903,Laurin Casey,P,22,71,89,160,14,6
1079,88120,1903,Mel Durham,P,20,66,43,109,8,7
1080,88120,1904,Nemo Patek,P,32,53,56,109,9,12
1081,88120,1904,Dee Grove,P,21,59,51,110,11,9
1082,88120,1904,Laurin Casey,P,23,77,89,166,14,4
1083,88120,1904,Von Jacobs,P,20,70,37,107,6,16
1084,88120,1905,Laurin Casey,P,24,80,93,173,18,6
1085,88120,1905,Nemo Patek,P,33,44,44,88,6,6
1086,88120,1905,Dee Grove,P,22,66,55,121,11,12
1087,88120,1905,Mack Hancock,P,25,57,73,130,8,8
1088,88120,1906,Laurin Casey,P,25,80,93,173,20,5
1089,88120,1906,Mack Hancock,P,26,57,73,130,13,7
1090,88120,1906,Dee Grove,P,23,72,60,132,11,10
1091,88120,1906,Herb Dobernic,P,25,48,69,117,7,5
1092,88120,1907,Herb Dobernic,P,26,48,69,117,10,3
1093,88120,1907,Laurin Casey,P,26,80,93,173,21,6
1094,88120,1907,Dee Grove,P,24,74,63,137,17,5
1095,88120,1907,Granny Dietrich,P,24,61,41,102,4,15
1096,88120,1908,Herb Dobernic,P,27,48,69,117,9,3
1097,88120,1908,Laurin Casey,P,27,80,93,173,17,9
1098,88120,1908,Dee Grove,P,25,74,63,137,8,5
1099,88120,1908,Granny Dietrich,P,25,61,41,102,8,8
1100,88120,1909,Laurin Casey,P,28,80,93,173,14,3
1101,88120,1909,Dee Grove,P,26,74,63,137,12,7
1102,88120,1909,Herb Dobernic,P,28,48,69,117,12,8
1103,88120,1909,Carson Jablonski,P,19,78,37,115,12,11
1104,88120,1910,Herb Dobernic,P,29,44,66,110,7,7
1105,88120,1910,Laurin Casey,P,29,78,93,171,22,4
1106,88120,1910,Dee Grove,P,27,74,63,137,10,10
1107,88120,1910,Brant Henshaw,P,21,75,68,143,12,12
1108,88120,1911,Laurin Casey,P,30,72,90,162,22,6
1109,88120,1911,Dee Grove,P,28,74,63,137,8,13
1110,88120,1911,Herb Dobernic,P,30,40,61,101,9,9
1111,88120,1911,Mudcat Fernandez,P,20,35,58,93,5,9
1112,88120,1912,Mudcat Fernandez,P,21,45,59,104,4,7
1113,88120,1912,Dee Grove,P,29,70,63,133,12,10
1114,88120,1912,Laurin Casey,P,31,66,89,155,15,2
1115,88120,1912,Yank Cobb,P,22,76,70,146,16,9
1116,88120,1913,Mudcat Fernandez,P,22,50,64,114,11,3
1117,88120,1913,Dee Grove,P,30,63,63,126,11,6
1118,88120,1913,Laurin Casey,P,32,56,82,138,10,3
1119,88120,1913,Jeff Hack,P,21,30,65,95,9,1
1120,86322,1900,Jimmy Roy,P,26,73,53,126,5,18
1121,86322,1900,Frank Coumbe,P,31,56,45,101,3,8
1122,86322,1900,Lu Clark,P,24,63,44,107,10,8
1123,86322,1900,Chicken Boggs,P,25,45,61,106,9,4
1124,86322,1901,Frank Coumbe,P,32,48,39,87,2,10
1125,86322,1901,Lu Clark,P,25,63,44,107,8,14
1126,86322,1901,Chicken Boggs,P,26,45,61,106,10,6
1127,86322,1901,Juan Hoskins,P,21,41,74,115,7,7
1128,86322,1902,Frank Coumbe,P,33,47,38,85,2,7
1129,86322,1902,Juan Hoskins,P,22,48,79,127,8,8
1130,86322,1902,Lu Clark,P,26,63,44,107,7,13
1131,86322,1902,Chicken Boggs,P,27,45,61,106,8,8
1132,86322,1903,Juan Hoskins,P,23,52,79,131,9,5
1133,86322,1903,Lu Clark,P,27,63,44,107,2,12
1134,86322,1903,Chicken Boggs,P,28,45,61,106,7,10
1135,86322,1903,Cy Chase,P,22,78,49,127,11,13
1136,86322,1904,Lu Clark,P,28,63,44,107,3,12
1137,86322,1904,Chicken Boggs,P,29,41,60,101,5,7
1138,86322,1904,Juan Hoskins,P,24,53,80,133,11,7
1139,86322,1904,Marvin Dobson,P,21,52,38,90,3,12
1140,86322,1905,Marvin Dobson,P,22,58,44,102,9,8
1141,86322,1905,Chicken Boggs,P,30,37,56,93,5,6
1142,86322,1905,Juan Hoskins,P,25,53,80,133,14,6
1143,86322,1905,Troy Bearden,P,25,73,38,111,8,11
1144,86322,1906,Marvin Dobson,P,23,59,50,109,4,18
1145,86322,1906,Chicken Boggs,P,31,29,56,85,8,5
1146,86322,1906,Juan Hoskins,P,26,53,80,133,8,6
1147,86322,1906,Prince Chambers,P,23,36,68,104,9,5
1148,86322,1907,Prince Chambers,P,24,37,68,105,5,6
1149,86322,1907,Chicken Boggs,P,32,22,49,71,5,2
1150,86322,1907,Marvin Dobson,P,24,62,51,113,8,10
1151,86322,1907,Marcelino Augustine,P,24,35,36,71,3,10
1152,86322,1908,Marvin Dobson,P,25,62,51,113,9,13
1153,86322,1908,Prince Chambers,P,25,37,68,105,12,1
1154,86322,1908,Chicken Boggs,P,33,15,47,62,4,2
1155,86322,1908,Dean Blomberg,P,24,30,69,99,5,5
1156,86322,1909,Dean Blomberg,P,25,30,69,99,9,5
1157,86322,1909,Marvin Dobson,P,26,62,51,113,10,10
1158,86322,1909,Chicken Boggs,P,34,12,47,59,0,5
1159,86322,1909,Royce Cook,P,24,44,60,104,6,6
1160,86322,1910,Marvin Dobson,P,27,62,51,113,6,14
1161,86322,1910,Royce Cook,P,25,44,60,104,6,7
1162,86322,1910,Chicken Boggs,P,35,0,47,47,2,1
1163,86322,1910,Johnnie Hahn,P,18,58,53,111,10,12
1164,86322,1911,Johnnie Hahn,P,19,70,56,126,10,9
1165,86322,1911,Marvin Dobson,P,28,62,51,113,7,9
1166,86322,1911,Chicken Boggs,P,36,0,34,34,2,3
1167,86322,1911,Tiny Arnovich,P,23,73,51,124,7,12
1168,86322,1912,Marvin Dobson,P,29,59,51,110,3,13
1169,86322,1912,Tiny Arnovich,P,24,77,51,128,12,9
1170,86322,1912,Chicken Boggs,P,37,0,31,31,0,1
1171,86322,1912,Johnnie Hahn,P,20,74,62,136,10,12
1172,86322,1913,Tiny Arnovich,P,25,77,51,128,5,16
1173,86322,1913,Chicken Boggs,P,38,0,30,30,0,2
1174,86322,1913,Marvin Dobson,P,30,59,50,109,6,12
1175,86322,1913,Wilson Chartak,P,18,57,42,99,5,13
1176,86322,1914,Wilson Chartak,P,19,62,51,113,8,13
1177,86322,1914,Chicken Boggs,P,39,0,30,30,0,2
1178,86322,1914,Marvin Dobson,P,31,54,44,98,8,8
1179,86322,1914,Tito Hogsett,P,23,78,46,124,8,22
1180,86322,1915,Tito Hogsett,P,24,78,46,124,7,13
1181,86322,1915,Wilson Chartak,P,20,69,58,127,10,11
1182,86322,1915,Chicken Boggs,P,40,0,9,9,1,4
1183,86322,1915,Marvin Dobson,P,32,53,44,97,4,10
1184,86322,1916,Marvin Dobson,P,33,53,31,84,4,13
1185,86322,1916,Wilson Chartak,P,21,75,67,142,10,10
1186,86322,1916,Chicken Boggs,P,41,0,8,8,0,3
1187,86322,1916,Gino Gee,P,22,39,35,74,0,12
1188,86322,1917,Wilson Chartak,P,22,82,67,149,14,5
1189,86322,1917,Chicken Boggs,P,42,0,0,0,0,1
1190,86322,1917,Marvin Dobson,P,34,53,29,82,5,10
1191,86322,1917,Erskine Case,P,19,57,80,137,11,6
1192,86322,1918,Marvin Dobson,P,35,50,12,62,2,9
1193,86322,1918,Wilson Chartak,P,23,84,73,157,11,12
1194,86322,1918,Chicken Boggs,P,43,0,0,0,0,4
1195,86322,1918,Erskine Case,P,20,60,87,147,18,1
1196,86322,1919,Wilson Chartak,P,24,87,73,160,13,10
1197,86322,1919,Chicken Boggs,P,44,0,0,0,0,4
1198,86322,1919,Erskine Case,P,21,67,94,161,15,4
1199,86322,1919,Gus Ceccarelli,P,25,58,66,124,9,9
1200,86322,1920,Wilson Chartak,P,25,87,73,160,19,6
1201,86322,1920,Erskine Case,P,22,75,97,172,23,1
1202,86322,1920,Gus Ceccarelli,P,26,58,66,124,5,9
1203,86322,1920,Adrian Dudley,P,20,43,31,74,4,5
1204,86322,1921,Wilson Chartak,P,26,87,73,160,16,12
1205,86322,1921,Erskine Case,P,23,76,98,174,19,1
1206,86322,1921,Gus Ceccarelli,P,27,58,66,124,10,6
1207,86322,1921,Gabe Dillman,P,19,66,34,100,4,17
1208,86322,1922,Gabe Dillman,P,20,66,36,102,5,16
1209,86322,1922,Gus Ceccarelli,P,28,58,66,124,9,6
1210,86322,1922,Wilson Chartak,P,27,87,73,160,11,10
1211,86322,1922,Erskine Case,P,24,76,98,174,21,3
1212,86322,1923,Gus Ceccarelli,P,29,56,65,121,12,10
1213,86322,1923,Wilson Chartak,P,28,87,73,160,14,12
1214,86322,1923,Erskine Case,P,25,76,98,174,19,6
1215,86322,1923,Jumbo Ashby,P,18,48,52,100,7,7
1216,86322,1924,Wilson Chartak,P,29,85,69,154,17,9
1217,86322,1924,Erskine Case,P,26,76,98,174,16,6
1218,86322,1924,Gus Ceccarelli,P,30,55,58,113,9,5
1219,86322,1924,Cito Burnett,P,25,35,35,70,6,10
1220,86322,1925,Wilson Chartak,P,30,85,64,149,11,11
1221,86322,1925,Cito Burnett,P,26,35,35,70,3,10
1222,86322,1925,Erskine Case,P,27,76,98,174,18,4
1223,86322,1925,Specs Benes,P,25,35,55,90,8,8
1224,86322,1926,Specs Benes,P,26,35,55,90,3,4
1225,86322,1926,Wilson Chartak,P,31,78,64,142,16,10
1226,86322,1926,Cito Burnett,P,27,35,35,70,4,6
1227,86322,1926,Erskine Case,P,28,76,98,174,17,6
1228,86322,1927,Specs Benes,P,27,35,55,90,7,8
1229,86322,1927,Wilson Chartak,P,32,75,64,139,12,9
1230,86322,1927,Erskine Case,P,29,76,98,174,14,4
1231,86322,1927,Stubby Horstmann,P,24,38,43,81,5,12
1232,86322,1928,Stubby Horstmann,P,25,38,43,81,3,7
1233,86322,1928,Wilson Chartak,P,33,65,51,116,10,10
1234,86322,1928,Erskine Case,P,30,72,95,167,17,5
1235,86322,1928,Specs Benes,P,28,35,55,90,8,3
1236,86322,1929,Specs Benes,P,29,33,54,87,2,1
1237,86322,1929,Stubby Horstmann,P,26,38,43,81,2,6
1238,86322,1929,Erskine Case,P,31,66,92,158,16,7
1239,86322,1929,Cy Casey,P,22,36,41,77,8,7
1240,86322,1930,Erskine Case,P,32,57,92,149,12,4
1241,86322,1930,Specs Benes,P,30,32,52,84,6,9
1242,86322,1930,Stubby Horstmann,P,27,38,43,81,8,6
1243,86322,1930,Cy Casey,P,23,39,43,82,9,6
1244,86322,1931,Specs Benes,P,31,29,45,74,7,5
1245,86322,1931,Stubby Horstmann,P,28,38,43,81,6,8
1246,86322,1931,Cy Casey,P,24,42,47,89,8,8
1247,86322,1931,Erskine Case,P,33,47,84,131,7,6
1248,86322,1932,Cy Casey,P,25,42,47,89,9,6
1249,86322,1932,Erskine Case,P,34,33,73,106,7,6
1250,86322,1932,Specs Benes,P,32,28,45,73,5,9
1251,86322,1932,Stubby Horstmann,P,29,35,38,73,1,10
1252,86322,1933,Stubby Horstmann,P,30,34,32,66,3,12
1253,86322,1933,Cy Casey,P,26,42,47,89,4,9
1254,86322,1933,Erskine Case,P,35,23,69,92,9,0
1255,86322,1933,Hap Behrman,P,19,76,44,120,5,14
1256,86322,1934,Erskine Case,P,36,10,61,71,3,1
1257,86322,1934,Stubby Horstmann,P,31,26,28,54,4,3
1258,86322,1934,Cy Casey,P,27,42,47,89,6,5
1259,86322,1934,Enzo Frederick,P,23,63,35,98,3,16
1260,86322,1935,Enzo Frederick,P,24,66,36,102,3,14
1261,86322,1935,Erskine Case,P,37,0,60,60,3,2
1262,86322,1935,Cy Casey,P,28,42,47,89,4,9
1263,86322,1935,Oliver Hobaugh,P,19,39,71,110,7,3
1264,86322,1936,Erskine Case,P,38,0,54,54,3,3
1265,86322,1936,Oliver Hobaugh,P,20,46,72,118,10,7
1266,86322,1936,Cy Casey,P,29,39,43,82,6,10
1267,86322,1936,Austin Biscan,P,18,36,61,97,7,5
1268,86322,1937,Cy Casey,P,30,34,39,73,1,10
1269,86322,1937,Oliver Hobaugh,P,21,56,78,134,6,9
1270,86322,1937,Austin Biscan,P,19,42,67,109,8,9
1271,86322,1937,Everett Colavito,P,23,53,42,95,7,9
1272,86322,1938,Cy Casey,P,31,29,38,67,5,5
1273,86322,1938,Oliver Hobaugh,P,22,58,79,137,11,11
1274,86322,1938,Austin Biscan,P,20,44,72,116,9,4
1275,86322,1938,Dain Dockins,P,20,54,51,105,7,9
1276,86322,1939,Dain Dockins,P,21,56,53,109,9,10
1277,86322,1939,Oliver Hobaugh,P,23,58,81,139,10,6
1278,86322,1939,Cy Casey,P,32,29,31,60,2,8
1279,86322,1939,Wayland Hawks,P,25,61,71,132,8,7
1280,86322,1940,Oliver Hobaugh,P,24,58,85,143,11,4
1281,86322,1940,Wayland Hawks,P,26,61,71,132,12,5
1282,86322,1940,Cy Casey,P,33,25,27,52,2,10
1283,86322,1940,Dain Dockins,P,22,56,53,109,9,6
1284,86322,1941,Cy Casey,P,34,15,24,39,1,9
1285,86322,1941,Dain Dockins,P,23,62,57,119,8,11
1286,86322,1941,Oliver Hobaugh,P,25,58,85,143,11,7
1287,86322,1941,Whit Henning,P,18,69,48,117,3,13
1288,86322,1942,Oliver Hobaugh,P,26,58,85,143,16,7
1289,86322,1942,Cy Casey,P,35,15,24,39,0,2
1290,86322,1942,Dain Dockins,P,24,64,61,125,11,6
1291,86322,1942,Henry Carleton,P,22,45,51,96,6,8
1292,86322,1943,Dain Dockins,P,25,64,61,125,6,9
1293,86322,1943,Henry Carleton,P,23,51,55,106,7,3
1294,86322,1943,Oliver Hobaugh,P,27,58,85,143,10,4
1295,86322,1943,Cy Casey,P,36,6,17,23,1,4
1296,86322,1944,Henry Carleton,P,24,52,55,107,6,10
1297,86322,1944,Cy Casey,P,37,0,13,13,1,4
1298,86322,1944,Dain Dockins,P,26,64,61,125,6,7
1299,86322,1944,Herb Hendrick,P,21,40,49,89,7,5
1300,86322,1945,Henry Carleton,P,25,52,55,107,6,11
1301,86322,1945,Herb Hendrick,P,22,45,50,95,5,10
1302,86322,1945,Cy Casey,P,38,0,10,10,0,2
1303,86322,1945,Dain Dockins,P,27,64,61,125,13,10
1304,86322,1946,Cy Casey,P,39,0,0,0,0,4
1305,86322,1946,Dain Dockins,P,28,64,61,125,11,7
1306,86322,1946,Herb Hendrick,P,23,45,54,99,8,6
1307,86322,1946,Geoff Bishop,P,23,54,76,130,11,5
1308,86322,1947,Dain Dockins,P,29,60,58,118,10,13
1309,86322,1947,Herb Hendrick,P,24,47,56,103,6,7
1310,86322,1947,Cy Casey,P,40,0,0,0,0,2
1311,86322,1947,Blas Barbare,P,21,53,47,100,3,11
1312,86322,1948,Cy Casey,P,41,0,0,0,0,3
1313,86322,1948,Dain Dockins,P,30,58,52,110,5,12
1314,86322,1948,Blas Barbare,P,22,55,50,105,9,12
1315,86322,1948,Kevin Chase,P,25,76,58,134,12,9
1316,86322,1949,Cy Casey,P,42,0,0,0,0,8
1317,86322,1949,Kevin Chase,P,26,76,58,134,10,12
1318,86322,1949,Blas Barbare,P,23,57,54,111,8,8
1319,86322,1949,Cito Gilmore,P,23,61,39,100,6,11
1320,86322,1950,Cy Casey,P,43,0,0,0,0,4
1321,86322,1950,Kevin Chase,P,27,76,58,134,9,14
1322,86322,1950,Blas Barbare,P,24,61,56,117,9,8
1323,86322,1950,Moxie Cheeves,P,18,40,55,95,10,6
1324,86322,1951,Moxie Cheeves,P,19,45,56,101,8,2
1325,86322,1951,Cy Casey,P,44,0,0,0,0,2
1326,86322,1951,Kevin Chase,P,28,76,58,134,15,8
1327,86322,1951,Bobo Holm,P,20,34,68,102,10,4
1328,86322,1952,Moxie Cheeves,P,20,46,67,113,6,9
1329,86322,1952,Bobo Holm,P,21,40,69,109,13,2
1330,86322,1952,Cy Casey,P,45,0,0,0,0,2
1331,86322,1952,Darrel Floyd,P,20,58,48,106,4,13
1332,86322,1953,Moxie Cheeves,P,21,48,70,118,12,7
1333,86322,1953,Cy Casey,P,46,0,0,0,0,4
1334,86322,1953,Darrel Floyd,P,21,67,54,121,8,9
1335,86322,1953,Zoilo Blaeholder,P,20,51,46,97,8,9
1336,86322,1954,Zoilo Blaeholder,P,21,56,50,106,6,11
1337,86322,1954,Darrel Floyd,P,22,70,57,127,5,15
1338,86322,1954,Moxie Cheeves,P,22,49,71,120,10,3
1339,86322,1954,Lyn Fox,P,25,74,49,123,15,11
1340,86322,1955,Lyn Fox,P,26,74,49,123,11,8
1341,86322,1955,Zoilo Blaeholder,P,22,57,57,114,8,10
1342,86322,1955,Darrel Floyd,P,23,71,63,134,15,7
1343,86322,1955,Benny Desautels,P,18,39,45,84,4,5
1344,86322,1956,Darrel Floyd,P,24,74,65,139,13,9
1345,86322,1956,Lyn Fox,P,27,74,49,123,4,14
1346,86322,1956,Zoilo Blaeholder,P,23,61,57,118,14,7
1347,86322,1956,Benny Desautels,P,19,53,57,110,10,7
1348,86322,1957,Zoilo Blaeholder,P,24,65,60,125,10,6
1349,86322,1957,Benny Desautels,P,20,54,58,112,10,9
1350,86322,1957,Darrel Floyd,P,25,74,65,139,11,10
1351,86322,1957,Nick Gromek,P,18,77,51,128,7,18
1352,86322,1958,Nick Gromek,P,19,86,51,137,14,11
1353,86322,1958,Zoilo Blaeholder,P,25,65,60,125,8,13
1354,86322,1958,Benny Desautels,P,21,56,68,124,10,8
1355,86322,1958,Dave Harstad,P,25,61,41,102,6,3
1356,86322,1959,Dave Harstad,P,26,61,41,102,6,12
1357,86322,1959,Nick Gromek,P,20,96,51,147,11,14
1358,86322,1959,Benny Desautels,P,22,62,72,134,11,9
1359,86322,1959,Buck Hahn,P,25,67,50,117,7,11
1360,86322,1960,Benny Desautels,P,23,65,74,139,12,4
1361,86322,1960,Dave Harstad,P,27,61,41,102,7,11
1362,86322,1960,Nick Gromek,P,21,101,61,162,16,11
1363,86322,1960,Mule Hedlund,P,21,62,35,97,8,14
1364,86322,1961,Mule Hedlund,P,22,69,39,108,6,14
1365,86322,1961,Benny Desautels,P,24,67,78,145,19,6
1366,86322,1961,Dave Harstad,P,28,61,41,102,8,13
1367,86322,1961,Diego Grabowski,P,20,34,36,70,5,11
1368,86322,1962,Benny Desautels,P,25,67,78,145,16,5
1369,86322,1962,Diego Grabowski,P,21,40,40,80,3,9
1370,86322,1962,Mule Hedlund,P,23,72,41,113,5,10
1371,86322,1962,Dallas Coles,P,22,42,49,91,2,10
1372,86322,1963,Dallas Coles,P,23,48,55,103,7,8
1373,86322,1963,Diego Grabowski,P,22,44,41,85,5,8
1374,86322,1963,Benny Desautels,P,26,67,78,145,8,5
1375,86322,1963,Roger Hassett,P,23,31,67,98,4,7
1376,86322,1964,Diego Grabowski,P,23,50,43,93,4,6
1377,86322,1964,Roger Hassett,P,24,34,68,102,8,3
1378,86322,1964,Benny Desautels,P,27,67,78,145,15,4
1379,86322,1964,Hi Demeter,P,24,61,33,94,3,11
1380,86322,1965,Benny Desautels,P,28,67,78,145,11,5
1381,86322,1965,Hi Demeter,P,25,61,33,94,3,16
1382,86322,1965,Roger Hassett,P,25,34,68,102,7,3
1383,86322,1965,Cedric Baumann,P,20,63,71,134,8,5
1384,86322,1966,Cedric Baumann,P,21,68,77,145,14,5
1385,86322,1966,Hi Demeter,P,26,61,33,94,7,13
1386,86322,1966,Roger Hassett,P,26,34,68,102,6,6
1387,86322,1966,Benny Desautels,P,29,63,78,141,9,5
1388,86322,1967,Cedric Baumann,P,22,68,80,148,11,8
1389,86322,1967,Hi Demeter,P,27,61,33,94,4,14
1390,86322,1967,Benny Desautels,P,30,59,78,137,12,5
1391,86322,1967,Blondy Ambler,P,23,71,43,114,7,13
